{
"type": "FeatureCollection",
"name": "distritos",
"crs": { "type": "name", "properties": { "name": "urn:ogc:def:crs:OGC:1.3:CRS84" } },
"features": [
{ "type": "Feature", "properties": { "UBIGEO": "021014", "CCDD": "02", "CCPP": "10", "CCDI": "14", "DEPARTAMEN": "ANCASH", "PROVINCIA": "HUARI", "DISTRITO": "SAN MARCOS", "OBJECTID": 163.0, "ESRI_OID": 163.0 }, "geometry": { "type": "MultiPolygon", "coordinates": [ [ [ [ -77.157826610999962, -9.429058476999955 ], [ -77.15738436099997, -9.429555851999964 ], [ -77.156610360999935, -9.43020097699997 ], [ -77.155799610999964, -9.431067101999929 ], [ -77.154932110999937, -9.431815101999973 ], [ -77.153624985999954, -9.432586101999959 ], [ -77.152851110999961, -9.43318635199995 ], [ -77.151859485999978, -9.43395510199997 ], [ -77.151136735999955, -9.434391351999977 ], [ -77.150079235999954, -9.43502910199993 ], [ -77.148991485999943, -9.43568535199995 ], [ -77.148910110999964, -9.43573435199994 ], [ -77.148120985999981, -9.436440351999977 ], [ -77.14811236099996, -9.436447726999972 ], [ -77.147080235999965, -9.437332476999927 ], [ -77.146532985999954, -9.437801476999937 ], [ -77.145520235999982, -9.438669726999933 ], [ -77.144005610999955, -9.439967851999938 ], [ -77.142973610999945, -9.440852351999979 ], [ -77.141573110999957, -9.441736976999948 ], [ -77.140393610999979, -9.442990226999939 ], [ -77.138255985999933, -9.445017226999937 ], [ -77.137739985999985, -9.445551601999966 ], [ -77.137481985999955, -9.446982476999949 ], [ -77.137334610999972, -9.447799851999946 ], [ -77.13698448599996, -9.448629101999927 ], [ -77.136800860999983, -9.448863226999947 ], [ -77.136492860999965, -9.449256226999978 ], [ -77.136118360999944, -9.449605726999948 ], [ -77.135289110999963, -9.450379851999969 ], [ -77.133796360999952, -9.451448601999971 ], [ -77.132451110999966, -9.452296226999977 ], [ -77.131345485999987, -9.453254476999973 ], [ -77.130645235999964, -9.45406535199993 ], [ -77.129650110999989, -9.455650226999978 ], [ -77.128194235999956, -9.456018726999957 ], [ -77.126535735999937, -9.456276726999931 ], [ -77.124371110999959, -9.457131351999976 ], [ -77.123568860999967, -9.457848601999956 ], [ -77.122315735999962, -9.458969101999969 ], [ -77.121814485999948, -9.459912601999974 ], [ -77.121054735999962, -9.46079685199993 ], [ -77.119735735999939, -9.461519476999968 ], [ -77.118364736, -9.461696476999975 ], [ -77.11702311099998, -9.461740726999949 ], [ -77.116551485999935, -9.461401601999967 ], [ -77.116197610999961, -9.459485101999974 ], [ -77.116086110999959, -9.459158351999974 ], [ -77.115769985999975, -9.458231976999969 ], [ -77.11544573599997, -9.457804476999968 ], [ -77.11513611099997, -9.457583351999972 ], [ -77.114786985999956, -9.457551101999968 ], [ -77.114428485999952, -9.457686476999982 ], [ -77.113765110999964, -9.45793710199996 ], [ -77.112909985999977, -9.458069851999937 ], [ -77.112334985999951, -9.458217226999977 ], [ -77.111789610999949, -9.458526851999977 ], [ -77.110683860999984, -9.459426101999952 ], [ -77.11016273599995, -9.459573601999978 ], [ -77.109902485999953, -9.459647226999948 ], [ -77.109298110999987, -9.459544101999938 ], [ -77.108746860999986, -9.459374601999968 ], [ -77.108507360999965, -9.459109976999969 ], [ -77.108059735999973, -9.458615226999939 ], [ -77.107219360999977, -9.457686476999982 ], [ -77.106627985999978, -9.457215351999935 ], [ -77.106111360999989, -9.457099601999971 ], [ -77.105332360999967, -9.457391601999973 ], [ -77.104005360999963, -9.457494851999968 ], [ -77.103106360999959, -9.457465351999929 ], [ -77.102394860999937, -9.457365476999939 ], [ -77.101425610999968, -9.457229476999942 ], [ -77.101042360999941, -9.457288476999963 ], [ -77.099553360999948, -9.458570976999965 ], [ -77.098698235999962, -9.459470351999926 ], [ -77.098088360999952, -9.460341976999928 ], [ -77.097915610999962, -9.460704851999935 ], [ -77.097268235999934, -9.462064976999955 ], [ -77.095838235999963, -9.462949601999981 ], [ -77.095159985999942, -9.464143726999964 ], [ -77.094820985999945, -9.464644976999978 ], [ -77.094246110999961, -9.465131476999943 ], [ -77.093479360999936, -9.466104476999931 ], [ -77.09330248599997, -9.467047976999936 ], [ -77.092727485999944, -9.468094726999936 ], [ -77.091953110999953, -9.469315476999952 ], [ -77.091675485999986, -9.469674601999941 ], [ -77.09141548599996, -9.470011226999929 ], [ -77.090914235999946, -9.470659851999926 ], [ -77.090619360999938, -9.471308601999965 ], [ -77.090589860999955, -9.472237476999965 ], [ -77.090991626999937, -9.473425039999938 ], [ -77.090991985999949, -9.473426101999962 ], [ -77.090873235999936, -9.473986101999969 ], [ -77.090678360999959, -9.474905601999978 ], [ -77.090238360999933, -9.476981601999967 ], [ -77.090103360999933, -9.477618351999979 ], [ -77.089837985999964, -9.479107351999971 ], [ -77.089631610999959, -9.479770726999959 ], [ -77.089366235999989, -9.480227726999942 ], [ -77.089264860999947, -9.480312226999956 ], [ -77.088835485999937, -9.480669851999949 ], [ -77.087906735999979, -9.481097726999963 ], [ -77.087342235999984, -9.481579101999955 ], [ -77.086786360999952, -9.482571851999978 ], [ -77.085754360999942, -9.484414601999958 ], [ -77.085312110999951, -9.485019101999967 ], [ -77.084530735999977, -9.48557922699996 ], [ -77.083915985999965, -9.485831101999963 ], [ -77.082189735999975, -9.485977976999948 ], [ -77.081331610999939, -9.486050976999934 ], [ -77.079327235999983, -9.486221601999944 ], [ -77.077907735999986, -9.48607822699995 ], [ -77.077190860999963, -9.486005851999948 ], [ -77.07652761099996, -9.485938976999932 ], [ -77.076162860999943, -9.485902101999955 ], [ -77.075836360999972, -9.486002226999972 ], [ -77.074653235999961, -9.486692351999977 ], [ -77.073945610999942, -9.487517851999939 ], [ -77.073414860999947, -9.487989726999956 ], [ -77.072392985999954, -9.488445601999956 ], [ -77.070808360999933, -9.489298851999934 ], [ -77.069735110999943, -9.489876726999967 ], [ -77.068673735999937, -9.490372101999981 ], [ -77.067104110999935, -9.491899601999933 ], [ -77.066382860999965, -9.492732476999947 ], [ -77.065403235999952, -9.49441085199993 ], [ -77.065118360999975, -9.495322226999974 ], [ -77.065460235999979, -9.497087976999978 ], [ -77.066086735999988, -9.498198726999931 ], [ -77.066656360999957, -9.49845510199998 ], [ -77.067653235999956, -9.498426601999938 ], [ -77.068267610999953, -9.49804635199996 ], [ -77.068756235999956, -9.497920226999952 ], [ -77.069275235999953, -9.498038101999953 ], [ -77.069903235999959, -9.498056351999935 ], [ -77.070618735999972, -9.497634351999977 ], [ -77.071037110999953, -9.49775785199995 ], [ -77.07152659999997, -9.498705215999962 ], [ -77.071913860999985, -9.499454726999943 ], [ -77.07198223599994, -9.500502851999954 ], [ -77.071560360999968, -9.501657851999937 ], [ -77.069392110999956, -9.503055226999948 ], [ -77.068735860999936, -9.503478101999974 ], [ -77.068138110999939, -9.504134226999952 ], [ -77.067554735999977, -9.504907101999947 ], [ -77.067231860999982, -9.505253101999926 ], [ -77.066329860999986, -9.506219476999945 ], [ -77.062757235999982, -9.508377601999939 ], [ -77.062101110999947, -9.508523476999926 ], [ -77.061723485999948, -9.508519226999965 ], [ -77.06080323599997, -9.508508851999977 ], [ -77.060074110999949, -9.508654726999964 ], [ -77.056895235999946, -9.509937976999936 ], [ -77.055859860999988, -9.510214976999976 ], [ -77.055057860999966, -9.510229601999981 ], [ -77.05387673599995, -9.510098351999943 ], [ -77.052695610999933, -9.509004726999933 ], [ -77.052301860999989, -9.508873476999952 ], [ -77.051835235999988, -9.508887976999972 ], [ -77.051149860999942, -9.509150476999935 ], [ -77.050172860999965, -9.509675476999973 ], [ -77.049251735999974, -9.509798351999962 ], [ -77.048860411999954, -9.509850357999937 ], [ -77.047985610999945, -9.509369226999979 ], [ -77.047212860999934, -9.508742226999971 ], [ -77.046468985999979, -9.507808976999968 ], [ -77.045652485999938, -9.506569476999971 ], [ -77.04562898599994, -9.506399851999959 ], [ -77.045594110999957, -9.506146601999944 ], [ -77.045973360999938, -9.504775851999966 ], [ -77.045987735999972, -9.503346851999936 ], [ -77.045681610999964, -9.502442726999959 ], [ -77.044952485999943, -9.500809601999947 ], [ -77.044048360999966, -9.49817010199996 ], [ -77.043873485999939, -9.497076476999951 ], [ -77.043304735999982, -9.495851601999959 ], [ -77.042935360999934, -9.495375851999938 ], [ -77.041481985999951, -9.493503851999947 ], [ -77.039877985999965, -9.49182697699996 ], [ -77.038638485999968, -9.49117072699994 ], [ -77.03776348599996, -9.490835351999976 ], [ -77.037209360999952, -9.490922851999926 ], [ -77.035301110999967, -9.491813101999981 ], [ -77.033432610999967, -9.492927726999937 ], [ -77.031288235999966, -9.493449351999971 ], [ -77.029753110999934, -9.493155351999974 ], [ -77.026238235999983, -9.491222601999937 ], [ -77.024592235999989, -9.490476976999958 ], [ -77.023254985999984, -9.489871226999981 ], [ -77.02207286099997, -9.489335726999968 ], [ -77.019235360999971, -9.487765851999939 ], [ -77.018222735999984, -9.487635226999942 ], [ -77.01712011099994, -9.487859976999971 ], [ -77.017109235999953, -9.487920976999931 ], [ -77.017022360999988, -9.488938726999947 ], [ -77.016305860999978, -9.490720976999967 ], [ -77.015771985999947, -9.492048476999969 ], [ -77.015236485999935, -9.49338047699996 ], [ -77.014905610999961, -9.494203351999943 ], [ -77.014597110999944, -9.495663351999951 ], [ -77.014505235999934, -9.496747351999943 ], [ -77.014304110999944, -9.497264476999931 ], [ -77.014119360999985, -9.497739601999967 ], [ -77.013329361, -9.498933851999936 ], [ -77.013255860999948, -9.499411601999952 ], [ -77.013696735999986, -9.500311851999982 ], [ -77.013856110999939, -9.500816226999973 ], [ -77.013917235999941, -9.501009976999967 ], [ -77.013090485999953, -9.502700351999977 ], [ -77.011363360999951, -9.504831726999953 ], [ -77.011069360999954, -9.506062726999971 ], [ -77.011014235999937, -9.507697976999964 ], [ -77.010970360999977, -9.509001726999941 ], [ -77.010790235999934, -9.509487351999951 ], [ -77.010499860999971, -9.510270351999964 ], [ -77.009989235999967, -9.511331601999927 ], [ -77.009801610999943, -9.511721726999951 ], [ -77.008747235999977, -9.513913601999946 ], [ -77.008221485999968, -9.516186476999962 ], [ -77.007909110999947, -9.516902976999972 ], [ -77.007581985999934, -9.517096101999925 ], [ -77.006788360999963, -9.517564476999951 ], [ -77.004877610999984, -9.518979226999932 ], [ -77.003022860999977, -9.520352351999975 ], [ -77.002782985999943, -9.520963476999952 ], [ -77.002440735999983, -9.521624351999947 ], [ -77.001634610999986, -9.522099852999929 ], [ -77.001018735999935, -9.523228977999963 ], [ -77.000890485999946, -9.523463977999938 ], [ -76.999991360999957, -9.524445852999975 ], [ -76.999129485999958, -9.524850227999934 ], [ -76.998317110999949, -9.525231352999981 ], [ -76.997696985999937, -9.525727352999979 ], [ -76.997443985999951, -9.526086352999926 ], [ -76.996808235999936, -9.526988227999936 ], [ -76.996312110999952, -9.528001102999951 ], [ -76.996014985999977, -9.52860772799994 ], [ -76.995619610999938, -9.529189602999963 ], [ -76.995102860999964, -9.529840727999954 ], [ -76.994696860999966, -9.530623352999953 ], [ -76.994534485999964, -9.530936227999973 ], [ -76.994090110999934, -9.531980102999967 ], [ -76.994048735999968, -9.53339597799993 ], [ -76.993914235999966, -9.534703227999955 ], [ -76.993862735999983, -9.535204602999954 ], [ -76.993655985999965, -9.535721352999929 ], [ -76.992240235999986, -9.537249977999977 ], [ -76.991402985999969, -9.537840102999951 ], [ -76.990286735999973, -9.538821852999945 ], [ -76.989521985999943, -9.538894227999947 ], [ -76.988747235999938, -9.539180352999949 ], [ -76.988416235999978, -9.539514352999959 ], [ -76.98757898599996, -9.540547852999964 ], [ -76.986442110999974, -9.542118727999934 ], [ -76.985542985999984, -9.543575977999978 ], [ -76.984406110999942, -9.546066727999971 ], [ -76.983558610999978, -9.547113352999929 ], [ -76.983041985999989, -9.547751352999967 ], [ -76.982804235999936, -9.548257727999953 ], [ -76.982514735999985, -9.548874477999959 ], [ -76.98111961099994, -9.55081047799996 ], [ -76.980778610999948, -9.551430602999972 ], [ -76.980395485999964, -9.552570602999936 ], [ -76.980055110999956, -9.553373602999955 ], [ -76.979558985999972, -9.553931727999952 ], [ -76.979220110999961, -9.554721602999962 ], [ -76.978560485999935, -9.55658197799994 ], [ -76.97764861099995, -9.557988227999942 ], [ -76.974976610999988, -9.563365227999952 ], [ -76.976964860999942, -9.563210977999972 ], [ -76.978318360999936, -9.562964852999926 ], [ -76.979179735999935, -9.563210977999972 ], [ -76.980244110999934, -9.564031227999976 ], [ -76.981187485999953, -9.564972602999944 ], [ -76.981515610999963, -9.56542385299997 ], [ -76.981679736, -9.566285102999927 ], [ -76.981679736, -9.566818352999974 ], [ -76.981802735999963, -9.567474602999937 ], [ -76.981802735999963, -9.567925602999935 ], [ -76.982089860999963, -9.568458852999981 ], [ -76.982171860999983, -9.568992352999942 ], [ -76.982171860999983, -9.569935602999976 ], [ -76.982089860999963, -9.571697227999948 ], [ -76.981843860999959, -9.572394477999978 ], [ -76.981925735999937, -9.572927727999968 ], [ -76.982171860999983, -9.573378852999952 ], [ -76.982171860999983, -9.573953102999951 ], [ -76.982212860999937, -9.574486352999941 ], [ -76.982499985999937, -9.575265602999934 ], [ -76.982705110999973, -9.576003852999975 ], [ -76.982967985999949, -9.576972227999931 ], [ -76.983023485999979, -9.577130852999971 ], [ -76.983145985999954, -9.577267727999981 ], [ -76.983320360999983, -9.577355477999959 ], [ -76.984099610999976, -9.577396477999969 ], [ -76.98459173599997, -9.577478477999932 ], [ -76.985289110999986, -9.577806602999942 ], [ -76.985984360999964, -9.578380852999942 ], [ -76.986451110999951, -9.578787102999968 ], [ -76.987296860999948, -9.578955102999942 ], [ -76.988158235999947, -9.578503852999972 ], [ -76.989142610999977, -9.578586102999964 ], [ -76.989757860999987, -9.579037102999962 ], [ -76.990208860999985, -9.579365227999972 ], [ -76.990249985999981, -9.579775352999945 ], [ -76.990127110999936, -9.580390602999955 ], [ -76.989921860999971, -9.581169977999934 ], [ -76.989880860999961, -9.581785102999959 ], [ -76.989921860999971, -9.582523477999928 ], [ -76.989757860999987, -9.583095727999932 ], [ -76.989470735999987, -9.583710977999942 ], [ -76.989142610999977, -9.584859352999956 ], [ -76.988937485999941, -9.585638727999935 ], [ -76.988861360999977, -9.58616597799994 ], [ -76.988978610999936, -9.587115227999959 ], [ -76.989019485999961, -9.587771477999979 ], [ -76.988896485999987, -9.589123102999963 ], [ -76.988732360999961, -9.59031247799993 ], [ -76.988240235999967, -9.591748102999929 ], [ -76.988240235999967, -9.59248635299997 ], [ -76.988527360999967, -9.593306602999974 ], [ -76.988650360999941, -9.594290977999947 ], [ -76.988773485999957, -9.594986352999967 ], [ -76.989101610999967, -9.595478477999961 ], [ -76.990003860999934, -9.596175727999935 ], [ -76.990865235999934, -9.596462852999935 ], [ -76.991300735999971, -9.596658227999967 ], [ -76.99159961099997, -9.596677727999975 ], [ -76.991898485999968, -9.596695352999973 ], [ -76.992066360999956, -9.596789102999935 ], [ -76.992066360999956, -9.596900352999967 ], [ -76.992103485999962, -9.597236352999971 ], [ -76.992009735999943, -9.597515602999977 ], [ -76.991992235999987, -9.597871102999932 ], [ -76.99197273599998, -9.598150227999952 ], [ -76.992197235999981, -9.598765602999947 ], [ -76.992271485999936, -9.599099602999956 ], [ -76.992271485999936, -9.599380852999957 ], [ -76.992382860999953, -9.59977147799998 ], [ -76.992624985999953, -9.600162102999946 ], [ -76.992810485999939, -9.600349602999927 ], [ -76.993128860999946, -9.600517602999957 ], [ -76.993929735999984, -9.601001977999942 ], [ -76.994097610999972, -9.601169977999973 ], [ -76.994470735999982, -9.601523477999933 ], [ -76.99473048599998, -9.602007852999975 ], [ -76.995011735999981, -9.602417977999949 ], [ -76.995140610999954, -9.602753852999967 ], [ -76.995214860999965, -9.603033227999958 ], [ -76.995160110999961, -9.603331977999972 ], [ -76.995271485999979, -9.603443352999932 ], [ -76.99566411099994, -9.603499977999945 ], [ -76.995943360999945, -9.603499977999945 ], [ -76.996874985999966, -9.60346097799993 ], [ -76.997712860999968, -9.603611352999962 ], [ -76.998347610999986, -9.603611352999962 ], [ -76.999017610999942, -9.603816227999971 ], [ -76.999656235999964, -9.604226602999972 ], [ -77.000376985999935, -9.60444535299996 ], [ -77.000988235999955, -9.604619102999948 ], [ -77.001337860999968, -9.604706977999967 ], [ -77.001511860999983, -9.604910102999952 ], [ -77.00168748599998, -9.605201227999942 ], [ -77.001861360999953, -9.605638727999974 ], [ -77.002037110999936, -9.60587110299997 ], [ -77.002706985999964, -9.606453102999978 ], [ -77.003492235999943, -9.606831977999946 ], [ -77.00413286099996, -9.607093727999938 ], [ -77.005037110999979, -9.607357477999926 ], [ -77.006376985999964, -9.607328102999929 ], [ -77.007017485999938, -9.60764847799993 ], [ -77.007599610999989, -9.607939477999935 ], [ -77.008240235999949, -9.608083977999968 ], [ -77.009288985999945, -9.608580102999952 ], [ -77.010199235999949, -9.609345852999979 ], [ -77.01080273599996, -9.609394477999956 ], [ -77.011996110999974, -9.609773602999951 ], [ -77.012665985999945, -9.60997847799996 ], [ -77.013306610999962, -9.610531227999957 ], [ -77.013861360999954, -9.611812477999933 ], [ -77.014064485999938, -9.612570352999967 ], [ -77.014122985999961, -9.612919977999979 ], [ -77.014152485999944, -9.613414102999968 ], [ -77.014365235999946, -9.61364260299996 ], [ -77.015296860999968, -9.614269477999926 ], [ -77.016281235999941, -9.614318227999945 ], [ -77.016914110999949, -9.614142602999948 ], [ -77.017806610999969, -9.613587852999956 ], [ -77.018632860999958, -9.612958977999938 ], [ -77.019228485999975, -9.612396477999937 ], [ -77.019941360999951, -9.612164102999941 ], [ -77.020636735999972, -9.611982477999959 ], [ -77.021613235999951, -9.611451227999964 ], [ -77.023037110999951, -9.610839852999959 ], [ -77.023673860999963, -9.610658227999977 ], [ -77.024167985999952, -9.610796852999954 ], [ -77.024529235999978, -9.611210977999974 ], [ -77.024710985999945, -9.611675727999966 ], [ -77.024917985999934, -9.611960977999956 ], [ -77.025511735999942, -9.612581852999938 ], [ -77.025822235999954, -9.612917977999928 ], [ -77.026753860999975, -9.613304727999946 ], [ -77.027660110999989, -9.613357477999955 ], [ -77.028615235999951, -9.613175727999931 ], [ -77.02923636099996, -9.612996102999944 ], [ -77.029367235999985, -9.613253852999947 ], [ -77.029289110999969, -9.613771477999933 ], [ -77.02918548599996, -9.614236477999953 ], [ -77.029367235999985, -9.614753852999968 ], [ -77.029572235999979, -9.615296852999961 ], [ -77.029546735999986, -9.615943352999977 ], [ -77.029650360999938, -9.616589852999937 ], [ -77.029831985999976, -9.61726172799996 ], [ -77.030089860999965, -9.61770310299994 ], [ -77.030867235999949, -9.617910102999929 ], [ -77.031253860999982, -9.618245977999948 ], [ -77.031642610999938, -9.619046852999929 ], [ -77.031796860999975, -9.619642602999932 ], [ -77.032857360999969, -9.620003852999957 ], [ -77.033892610999942, -9.620314477999955 ], [ -77.034513610999966, -9.620910102999972 ], [ -77.035910110999964, -9.621503852999979 ], [ -77.036453110999958, -9.622021477999965 ], [ -77.037880860999962, -9.622589852999965 ], [ -77.03851561099998, -9.622984352999936 ], [ -77.039152360999935, -9.623701227999959 ], [ -77.039816360999964, -9.624617227999977 ], [ -77.040328110999951, -9.625277352999944 ], [ -77.042015610999954, -9.626587852999933 ], [ -77.043929735999939, -9.627498102999937 ], [ -77.044974610999986, -9.628298852999933 ], [ -77.045677735999959, -9.629152352999938 ], [ -77.047150360999979, -9.632531227999948 ], [ -77.047396485999968, -9.634943352999926 ], [ -77.047164110999972, -9.635865227999943 ], [ -77.046074235999981, -9.637599602999956 ], [ -77.045554735999985, -9.638117227999942 ], [ -77.044638610999982, -9.639849602999959 ], [ -77.044304735999958, -9.64094535299995 ], [ -77.044081985999981, -9.642900352999959 ], [ -77.044433610999988, -9.644044977999954 ], [ -77.045310485999948, -9.645533227999977 ], [ -77.046769218999941, -9.646521234999966 ], [ -77.046830110999963, -9.646562477999964 ], [ -77.047878985999944, -9.646974477999947 ], [ -77.048488235999969, -9.64746097799997 ], [ -77.048540985999978, -9.647781227999928 ], [ -77.048540985999978, -9.649033227999951 ], [ -77.048658235999937, -9.649505852999937 ], [ -77.048439610999935, -9.650099602999944 ], [ -77.047949235999965, -9.65099410299996 ], [ -77.047728485999983, -9.651519477999955 ], [ -77.047626985999955, -9.65261910299995 ], [ -77.047408235999967, -9.653294977999963 ], [ -77.047372985999971, -9.653734352999948 ], [ -77.047306610999954, -9.653937477999932 ], [ -77.047001985999941, -9.654089852999959 ], [ -77.046628860999988, -9.654275352999946 ], [ -77.046425735999946, -9.65447847799993 ], [ -77.046189485999946, -9.654833977999942 ], [ -77.045869110999945, -9.655408227999942 ], [ -77.045597610999948, -9.655915977999939 ], [ -77.04563086099995, -9.656220602999952 ], [ -77.045615235999946, -9.656456977999937 ], [ -77.045394360999978, -9.65669335299998 ], [ -77.04505661099995, -9.656880852999961 ], [ -77.04476948599995, -9.656964852999977 ], [ -77.044330110999965, -9.656896477999965 ], [ -77.043789235999952, -9.656914102999963 ], [ -77.043484360999969, -9.657048977999978 ], [ -77.042874985999958, -9.657371102999946 ], [ -77.042130860999976, -9.657894477999946 ], [ -77.041945485999975, -9.658181602999946 ], [ -77.041353485999934, -9.658859352999968 ], [ -77.040812485999936, -9.660464852999951 ], [ -77.040642610999953, -9.661361352999961 ], [ -77.040540985999939, -9.662140602999955 ], [ -77.040456985999981, -9.662460977999956 ], [ -77.040540985999939, -9.662917977999939 ], [ -77.040777360999982, -9.66398247799998 ], [ -77.040812485999936, -9.665251977999958 ], [ -77.040964860999964, -9.666249977999939 ], [ -77.041081985999938, -9.666925727999967 ], [ -77.040947235999965, -9.667484352999963 ], [ -77.040761735999979, -9.668007852999949 ], [ -77.040169860999981, -9.668972602999929 ], [ -77.039728360999959, -9.669648477999942 ], [ -77.039222610999957, -9.67032422799997 ], [ -77.038900235999961, -9.670562477999965 ], [ -77.038511735999975, -9.670849602999965 ], [ -77.038173860999962, -9.671423852999965 ], [ -77.037886735999962, -9.671999977999974 ], [ -77.037744110999938, -9.673021477999953 ], [ -77.037451110999939, -9.673382852999964 ], [ -77.036884735999934, -9.673675727999978 ], [ -77.03643361099995, -9.674535102999926 ], [ -77.036343735999935, -9.675392602999977 ], [ -77.035824235999939, -9.675980477999929 ], [ -77.035101610999959, -9.676861352999936 ], [ -77.034492235999949, -9.67760747799997 ], [ -77.03428123599997, -9.678107352999973 ], [ -77.033839860999933, -9.679107477999935 ], [ -77.033328110999946, -9.679771477999964 ], [ -77.03310161099995, -9.680134727999928 ], [ -77.032955110999978, -9.680482477999931 ], [ -77.03285948599995, -9.680908227999964 ], [ -77.032787110999948, -9.681382852999945 ], [ -77.032728485999939, -9.681716852999955 ], [ -77.032533235999949, -9.682597727999962 ], [ -77.032374985999979, -9.682874977999973 ], [ -77.031933610999943, -9.683576227999936 ], [ -77.031501985999967, -9.684029352999971 ], [ -77.030874985999958, -9.684818352999969 ], [ -77.030580110999949, -9.685656227999971 ], [ -77.030349610999963, -9.68590235299996 ], [ -77.030193360999988, -9.686330102999932 ], [ -77.03020111099994, -9.686652352999943 ], [ -77.030267485999957, -9.68687297799994 ], [ -77.030390610999973, -9.687292977999959 ], [ -77.030546860999948, -9.687548852999953 ], [ -77.030587985999944, -9.687697227999934 ], [ -77.030572235999955, -9.688107477999949 ], [ -77.030396485999972, -9.688330102999942 ], [ -77.029978485999948, -9.689529352999955 ], [ -77.029085985999984, -9.690359352999963 ], [ -77.028497985999934, -9.690703102999976 ], [ -77.027972610999939, -9.691109352999945 ], [ -77.027871110999968, -9.691472602999966 ], [ -77.02789848599997, -9.692060602999959 ], [ -77.02785161099996, -9.692484352999941 ], [ -77.02785161099996, -9.692621102999965 ], [ -77.027790985999957, -9.692982477999976 ], [ -77.027746110999942, -9.693285102999937 ], [ -77.027777360999949, -9.693496102999973 ], [ -77.027927735999981, -9.693814477999979 ], [ -77.028109360999963, -9.694025352999972 ], [ -77.028169860999981, -9.694222727999943 ], [ -77.028154235999978, -9.694388727999979 ], [ -77.027732360999948, -9.694767602999946 ], [ -77.027412111, -9.694767602999946 ], [ -77.027109360999987, -9.695070352999949 ], [ -77.026902360999941, -9.695353477999959 ], [ -77.026882860999933, -9.69582622799993 ], [ -77.026921860999948, -9.696222602999967 ], [ -77.026865235999935, -9.696638727999925 ], [ -77.026882860999933, -9.697035102999962 ], [ -77.026732360999972, -9.697279352999942 ], [ -77.026449235999962, -9.697488227999941 ], [ -77.025976610999976, -9.697751977999928 ], [ -77.025466735999942, -9.697790977999944 ], [ -77.025107360999982, -9.697978477999982 ], [ -77.024804735999965, -9.698261727999977 ], [ -77.024238235999974, -9.698904352999932 ], [ -77.023974610999971, -9.699169977999929 ], [ -77.023841735999952, -9.699640602999978 ], [ -77.023728485999982, -9.700113227999964 ], [ -77.023691360999976, -9.700359352999953 ], [ -77.023181610999984, -9.701001977999965 ], [ -77.02280273599996, -9.701302727999973 ], [ -77.022539110999958, -9.701568352999971 ], [ -77.022330235999959, -9.701964852999936 ], [ -77.02227348599996, -9.702248102999931 ], [ -77.022499985999957, -9.702455102999977 ], [ -77.023105360999978, -9.702794977999929 ], [ -77.023312485999952, -9.703249977999974 ], [ -77.023708985999974, -9.703853477999928 ], [ -77.023841735999952, -9.704326227999957 ], [ -77.024152110999978, -9.704649727999936 ], [ -77.024821735999979, -9.705075852999926 ], [ -77.025876985999957, -9.705522352999935 ], [ -77.026824360999967, -9.705923227999961 ], [ -77.02780473599995, -9.706719602999954 ], [ -77.028372985999965, -9.707551602999956 ], [ -77.029286110999976, -9.707856102999926 ], [ -77.031315485999983, -9.708119852999971 ], [ -77.032381860999976, -9.708554227999969 ], [ -77.03351786099995, -9.709016727999938 ], [ -77.034327735999966, -9.709346602999972 ], [ -77.03474511099995, -9.71004772799995 ], [ -77.034846485999935, -9.71116385299996 ], [ -77.034704360999967, -9.711650852999981 ], [ -77.034513985999979, -9.712304227999937 ], [ -77.034384735999936, -9.712703227999953 ], [ -77.03415236099994, -9.713420102999976 ], [ -77.034298485999955, -9.714410727999962 ], [ -77.034562360999985, -9.715344227999935 ], [ -77.035085735999985, -9.717196102999935 ], [ -77.035698860999958, -9.718854852999925 ], [ -77.035658110999975, -9.719321602999969 ], [ -77.035077610999963, -9.719902227999967 ], [ -77.034846485999935, -9.720133352999937 ], [ -77.033872985999949, -9.721312477999959 ], [ -77.032806735999941, -9.721978477999926 ], [ -77.029344610999942, -9.723292852999975 ], [ -77.029040110999972, -9.723449977999962 ], [ -77.028230985999983, -9.723867227999961 ], [ -77.027277235999975, -9.725023977999967 ], [ -77.026736360999962, -9.72610935299997 ], [ -77.025471110999945, -9.728636102999928 ], [ -77.025755235999952, -9.729001352999944 ], [ -77.026359360999948, -9.729275352999935 ], [ -77.027769485999954, -9.729601602999935 ], [ -77.028572235999945, -9.730183602999944 ], [ -77.029976610999938, -9.732056602999933 ], [ -77.030654235999975, -9.733814477999942 ], [ -77.029995110999948, -9.734583852999947 ], [ -77.028841985999975, -9.735929977999945 ], [ -77.028980485999966, -9.736866852999981 ], [ -77.029579360999946, -9.737959352999951 ], [ -77.02958298599998, -9.739054602999943 ], [ -77.029202485999974, -9.740861977999941 ], [ -77.028029235999952, -9.74311322799997 ], [ -77.027769360999969, -9.743379102999938 ], [ -77.026634110999964, -9.744540102999963 ], [ -77.026760985999942, -9.746315727999956 ], [ -77.026221985999939, -9.74853522799998 ], [ -77.026165610999954, -9.749437727999975 ], [ -77.026109860999952, -9.75033297799996 ], [ -77.02691948599994, -9.75100847799996 ], [ -77.028346361, -9.751832852999939 ], [ -77.029018485999984, -9.752687102999971 ], [ -77.029868360999956, -9.753767102999973 ], [ -77.030773860999943, -9.754917727999953 ], [ -77.030978360999939, -9.755177727999978 ], [ -77.030952110999976, -9.755351102999953 ], [ -77.030851236, -9.756018352999945 ], [ -77.030026860999953, -9.757825727999943 ], [ -77.029519610999955, -9.759474477999959 ], [ -77.028695110999934, -9.760172102999945 ], [ -77.028187860999935, -9.760869602999946 ], [ -77.028092735999962, -9.761693977999926 ], [ -77.028011985999967, -9.762393352999936 ], [ -77.027927860999966, -9.763122727999928 ], [ -77.027632860999972, -9.763626977999934 ], [ -77.027798860999951, -9.764121102999979 ], [ -77.028634735999958, -9.765310602999932 ], [ -77.030785110999943, -9.767494102999933 ], [ -77.033576110999945, -9.77221485299998 ], [ -77.037087860999975, -9.775708977999955 ], [ -77.038046860999941, -9.778134727999941 ], [ -77.038841735999938, -9.779097602999968 ], [ -77.043412110999952, -9.77961322799996 ], [ -77.045183235999957, -9.78011622799994 ], [ -77.046356985999978, -9.780449602999965 ], [ -77.047307610999951, -9.78109922799996 ], [ -77.04946373599995, -9.782874852999953 ], [ -77.049305235999952, -9.78357247799994 ], [ -77.048913235999976, -9.785297227999934 ], [ -77.049562360999971, -9.786158102999934 ], [ -77.049584610999943, -9.786836477999941 ], [ -77.049074360999953, -9.788959352999939 ], [ -77.048563985999976, -9.789734977999956 ], [ -77.048149985999942, -9.790495727999939 ], [ -77.047808735999979, -9.791122977999976 ], [ -77.046869860999948, -9.792061977999936 ], [ -77.046461610999984, -9.792858102999958 ], [ -77.046665735999966, -9.793674477999957 ], [ -77.047490235999987, -9.794818352999926 ], [ -77.047714860999974, -9.795179727999937 ], [ -77.048914110999988, -9.795859352999969 ], [ -77.052888610999958, -9.795998102999931 ], [ -77.055441360999964, -9.796876977999943 ], [ -77.056472610999947, -9.797874977999982 ], [ -77.057734235999988, -9.799612602999957 ], [ -77.058749985999953, -9.801011477999964 ], [ -77.059444610999947, -9.801573102999953 ], [ -77.060157235999952, -9.802149227999962 ], [ -77.060610735999944, -9.802075477999949 ], [ -77.062189485999966, -9.801483352999981 ], [ -77.064449985999943, -9.800299352999957 ], [ -77.067322735999937, -9.798794477999934 ], [ -77.06918623599995, -9.797949102999951 ], [ -77.069688610999947, -9.797500602999946 ], [ -77.069975610999961, -9.79703410299993 ], [ -77.070639485999948, -9.796962352999969 ], [ -77.071464735999939, -9.79699822799995 ], [ -77.072164360999977, -9.797177727999951 ], [ -77.073353235999946, -9.797482477999949 ], [ -77.074492110999984, -9.797466977999932 ], [ -77.075299485999949, -9.797242727999958 ], [ -77.076060610999946, -9.797031102999938 ], [ -77.077788735999945, -9.797489352999946 ], [ -77.079015860999959, -9.797814727999935 ], [ -77.080771360999961, -9.79843122799997 ], [ -77.081651360999956, -9.798740352999971 ], [ -77.082363485999963, -9.799417977999951 ], [ -77.082385985999963, -9.800247727999931 ], [ -77.082722360999981, -9.800427102999947 ], [ -77.08395573599995, -9.800359852999975 ], [ -77.085278860999949, -9.800001102999943 ], [ -77.086226735999958, -9.800105477999978 ], [ -77.08783411099995, -9.800743227999931 ], [ -77.089248235999946, -9.801772727999946 ], [ -77.089812860999984, -9.801979727999935 ], [ -77.09059373599996, -9.80226597799998 ], [ -77.093420610999942, -9.803302602999963 ], [ -77.094585485999971, -9.803880727999967 ], [ -77.096693485999936, -9.804553477999946 ], [ -77.097971860999962, -9.805248602999939 ], [ -77.098980860999973, -9.806212977999962 ], [ -77.099720985999966, -9.807356727999945 ], [ -77.099810610999953, -9.807894852999937 ], [ -77.099581735999948, -9.808374602999947 ], [ -77.099339735999934, -9.808881602999975 ], [ -77.098913610999944, -9.810563477999949 ], [ -77.098487485999954, -9.812850977999972 ], [ -77.098644485999955, -9.813433852999935 ], [ -77.099272360999976, -9.814398227999959 ], [ -77.099951235999981, -9.815440727999942 ], [ -77.100334860999965, -9.81602997799996 ], [ -77.100931860999935, -9.817201477999959 ], [ -77.101089985999977, -9.817511602999957 ], [ -77.10099923599995, -9.818255477999969 ], [ -77.100730110999962, -9.819107602999964 ], [ -77.100617985999975, -9.819914977999929 ], [ -77.100172735999934, -9.820805477999954 ], [ -77.099900360999982, -9.821350227999972 ], [ -77.099285610999971, -9.822579602999951 ], [ -77.098823860999971, -9.824557102999961 ], [ -77.097994110999934, -9.826216602999978 ], [ -77.097231735999969, -9.82733785299996 ], [ -77.096879485999978, -9.827635852999947 ], [ -77.095209985999986, -9.829048477999947 ], [ -77.094979735999971, -9.829969477999953 ], [ -77.094170985999938, -9.832306727999935 ], [ -77.093453235999959, -9.835754602999941 ], [ -77.092793735999976, -9.836754477999932 ], [ -77.093733235999935, -9.83821422799997 ], [ -77.094519360999982, -9.83943560299997 ], [ -77.094876985999974, -9.840815477999968 ], [ -77.095645610999952, -9.841103602999965 ], [ -77.096477110999956, -9.841140602999928 ], [ -77.097733610999967, -9.841380852999976 ], [ -77.09946211099998, -9.841156227999932 ], [ -77.10198361099998, -9.841251477999947 ], [ -77.102833610999937, -9.841103602999965 ], [ -77.104681360999962, -9.839976602999968 ], [ -77.105272735999961, -9.839754727999946 ], [ -77.106267360999936, -9.83915572799998 ], [ -77.107822735999946, -9.837685227999941 ], [ -77.108210736, -9.837204727999961 ], [ -77.108857485999977, -9.837001477999934 ], [ -77.109688985999981, -9.837371102999953 ], [ -77.110372610999946, -9.837278727999944 ], [ -77.112183485999935, -9.835763477999933 ], [ -77.115435610999953, -9.833176477999928 ], [ -77.11589761099998, -9.83315810299996 ], [ -77.116636735999975, -9.833952602999943 ], [ -77.118281235999973, -9.834691727999939 ], [ -77.119077485999981, -9.835487852999961 ], [ -77.120812735999948, -9.837223227999971 ], [ -77.121773610999981, -9.838073227999928 ], [ -77.12385711099995, -9.839341227999967 ], [ -77.12517361099998, -9.839618477999977 ], [ -77.12644398599997, -9.839202727999975 ], [ -77.127053860999979, -9.83852785299996 ], [ -77.127737485999944, -9.837400977999948 ], [ -77.128545985999949, -9.837054602999956 ], [ -77.130024110999955, -9.836939102999963 ], [ -77.131960610999954, -9.836787852999976 ], [ -77.136041610999939, -9.836083602999963 ], [ -77.140408110999942, -9.834444352999981 ], [ -77.141661235999948, -9.833231977999958 ], [ -77.141660985999977, -9.83322960299995 ], [ -77.141653110999982, -9.833165477999955 ], [ -77.141506235999941, -9.831962227999952 ], [ -77.141283735999934, -9.830138477999981 ], [ -77.141361110999981, -9.827772227999958 ], [ -77.141228985999987, -9.826159477999965 ], [ -77.141175360999966, -9.825504352999928 ], [ -77.141597110999953, -9.824288602999957 ], [ -77.141807360999962, -9.823682477999967 ], [ -77.142009485999949, -9.821989352999935 ], [ -77.140766360999976, -9.820187727999951 ], [ -77.139873985999941, -9.819115352999972 ], [ -77.139300735999939, -9.817930602999979 ], [ -77.138305610999964, -9.815873977999956 ], [ -77.137239110999985, -9.813929227999949 ], [ -77.136530985999968, -9.81166972799997 ], [ -77.135754360999954, -9.809600477999936 ], [ -77.135252485999956, -9.808617602999959 ], [ -77.134206860999939, -9.807279352999956 ], [ -77.134018735999973, -9.806066477999934 ], [ -77.133965735999936, -9.804710102999934 ], [ -77.133433110999988, -9.803745227999968 ], [ -77.132973110999956, -9.802636852999967 ], [ -77.133265860999984, -9.801863227999945 ], [ -77.133599735999951, -9.801381977999938 ], [ -77.133976860999951, -9.800838477999946 ], [ -77.134813360999942, -9.798663727999951 ], [ -77.135117360999971, -9.797695102999967 ], [ -77.135324985999944, -9.796034477999967 ], [ -77.13537798599998, -9.795610602999943 ], [ -77.135628860999987, -9.795025102999944 ], [ -77.136095360999946, -9.794425352999951 ], [ -77.136507235999943, -9.793895852999981 ], [ -77.136718360999964, -9.793123977999926 ], [ -77.137113610999961, -9.791679227999964 ], [ -77.137929235999934, -9.790173477999929 ], [ -77.138393485999984, -9.789624727999978 ], [ -77.139079360999972, -9.788814227999978 ], [ -77.138957860999938, -9.788049352999963 ], [ -77.138870235999946, -9.787496852999936 ], [ -77.138433985999939, -9.785831727999948 ], [ -77.137945360999936, -9.784426727999971 ], [ -77.137676235999947, -9.78308747799997 ], [ -77.137373735999972, -9.781581977999963 ], [ -77.137337235999951, -9.781400227999939 ], [ -77.137226110999961, -9.780847102999928 ], [ -77.13698848599995, -9.779664102999959 ], [ -77.13651011099995, -9.778321977999951 ], [ -77.135632235999935, -9.776892602999965 ], [ -77.134308110999939, -9.774736977999964 ], [ -77.13420423599996, -9.774483852999936 ], [ -77.134166360999984, -9.774391227999956 ], [ -77.134073610999963, -9.774165102999973 ], [ -77.133959985999979, -9.773689977999936 ], [ -77.134019985999942, -9.773479977999955 ], [ -77.134059985999954, -9.773349977999942 ], [ -77.134159985999986, -9.773139977999961 ], [ -77.134199985999942, -9.773009977999948 ], [ -77.134199985999942, -9.772829977999947 ], [ -77.134209985999973, -9.772309977999953 ], [ -77.13422998599998, -9.77217997799994 ], [ -77.134259985999961, -9.772029977999978 ], [ -77.134529985999961, -9.771239977999926 ], [ -77.134609985999987, -9.771009977999938 ], [ -77.134829985999943, -9.770549977999963 ], [ -77.134899985999937, -9.770459977999963 ], [ -77.135799985999938, -9.768709977999947 ], [ -77.135889985999938, -9.768519977999972 ], [ -77.135919985999976, -9.768399977999934 ], [ -77.135939985999983, -9.768209977999959 ], [ -77.135949985999957, -9.768069977999971 ], [ -77.135929985999951, -9.767789977999939 ], [ -77.13589998599997, -9.76752997799997 ], [ -77.135759985999982, -9.766349977999937 ], [ -77.135629985999969, -9.764959977999979 ], [ -77.135629985999969, -9.764709977999928 ], [ -77.135639985999944, -9.764319977999946 ], [ -77.135649985999976, -9.764179977999959 ], [ -77.135679985999957, -9.76402997799994 ], [ -77.135769985999957, -9.763929977999965 ], [ -77.135799985999938, -9.763509977999945 ], [ -77.135939985999983, -9.762979977999976 ], [ -77.136009985999976, -9.762819977999982 ], [ -77.136249985999939, -9.762369977999981 ], [ -77.136449985999946, -9.761899977999974 ], [ -77.136519985999939, -9.761699977999967 ], [ -77.136609985999939, -9.761349977999942 ], [ -77.136629985999946, -9.761189977999948 ], [ -77.136629985999946, -9.761019977999979 ], [ -77.136619985999971, -9.760879977999934 ], [ -77.136569985999984, -9.760579977999953 ], [ -77.136549985999977, -9.760459977999972 ], [ -77.136539985999946, -9.760139977999927 ], [ -77.136549985999977, -9.760019977999946 ], [ -77.136569985999984, -9.759939977999977 ], [ -77.136609985999939, -9.759869977999927 ], [ -77.136769985999933, -9.759569977999945 ], [ -77.136829985999952, -9.759449977999964 ], [ -77.13687998599994, -9.759329977999926 ], [ -77.13696998599994, -9.759029977999944 ], [ -77.136989985999946, -9.758889977999956 ], [ -77.136999985999978, -9.758799977999956 ], [ -77.137009985999953, -9.758409977999975 ], [ -77.137029985999959, -9.758129977999943 ], [ -77.137079985999947, -9.757959977999974 ], [ -77.13723998599994, -9.757519977999948 ], [ -77.137269985999978, -9.757399977999967 ], [ -77.137289985999985, -9.757269977999954 ], [ -77.137309985999934, -9.757139977999941 ], [ -77.137329985999941, -9.756769977999966 ], [ -77.137379985999985, -9.756339977999971 ], [ -77.137399985999934, -9.755899977999945 ], [ -77.137419985999941, -9.75570997799997 ], [ -77.137489985999935, -9.755339977999938 ], [ -77.137519985999973, -9.754969977999963 ], [ -77.137519985999973, -9.754849977999982 ], [ -77.137559985999985, -9.754669977999981 ], [ -77.13765998599996, -9.754169977999936 ], [ -77.137709985999948, -9.753789977999929 ], [ -77.137789985999973, -9.753479977999973 ], [ -77.137819985999954, -9.753289977999941 ], [ -77.13783998599996, -9.753039977999947 ], [ -77.137829985999986, -9.752789977999953 ], [ -77.137799985999948, -9.752609977999953 ], [ -77.137739985999985, -9.752419977999978 ], [ -77.137639985999954, -9.752179977999958 ], [ -77.137379985999985, -9.751669977999939 ], [ -77.137369985999953, -9.751599977999945 ], [ -77.137349985999947, -9.751459977999957 ], [ -77.137329985999941, -9.751399977999938 ], [ -77.137279985999953, -9.751329977999944 ], [ -77.137249985999972, -9.751309977999938 ], [ -77.137209985999959, -9.751299977999963 ], [ -77.136889985999971, -9.750669977999962 ], [ -77.136809985999946, -9.750529977999975 ], [ -77.136779985999965, -9.750429977999943 ], [ -77.136749985999984, -9.750289977999955 ], [ -77.136649985999952, -9.749839977999954 ], [ -77.136629985999946, -9.749709977999942 ], [ -77.136629985999946, -9.749619977999942 ], [ -77.136669985999958, -9.749279977999947 ], [ -77.13669998599994, -9.749149977999934 ], [ -77.136939985999959, -9.748319977999927 ], [ -77.137069985999972, -9.747839977999945 ], [ -77.137099985999953, -9.74773997799997 ], [ -77.13714998599994, -9.74731997799995 ], [ -77.137249985999972, -9.746919977999937 ], [ -77.137259985999947, -9.746819977999962 ], [ -77.137289985999985, -9.746609977999981 ], [ -77.137289985999985, -9.746219977999942 ], [ -77.137269985999978, -9.745989977999955 ], [ -77.137209985999959, -9.745689977999973 ], [ -77.137189985999953, -9.745479977999935 ], [ -77.136949985999934, -9.743989977999945 ], [ -77.136939985999959, -9.743779977999964 ], [ -77.136959985999965, -9.743339977999938 ], [ -77.13696998599994, -9.74319997799995 ], [ -77.136999985999978, -9.74310997799995 ], [ -77.137129985999934, -9.742719977999968 ], [ -77.137179985999978, -9.742589977999955 ], [ -77.137289985999985, -9.742389977999949 ], [ -77.137519985999973, -9.741989977999935 ], [ -77.137589985999966, -9.741859977999979 ], [ -77.137609985999973, -9.741769977999979 ], [ -77.137609985999973, -9.741589977999979 ], [ -77.137619985999947, -9.741539977999935 ], [ -77.137669985999935, -9.741499977999979 ], [ -77.137679985999966, -9.741479977999973 ], [ -77.137729985999954, -9.741319977999979 ], [ -77.137759985999935, -9.741289977999941 ], [ -77.137819985999954, -9.741249977999928 ], [ -77.137879985999973, -9.741149977999953 ], [ -77.138219985999967, -9.740459977999933 ], [ -77.138289985999961, -9.740299977999939 ], [ -77.138329985999974, -9.740179977999958 ], [ -77.138369985999987, -9.739979977999951 ], [ -77.138379985999961, -9.73985997799997 ], [ -77.138379985999961, -9.739629977999925 ], [ -77.13843998599998, -9.73925997799995 ], [ -77.138369985999987, -9.739059977999943 ], [ -77.138379985999961, -9.738919977999956 ], [ -77.138409985999942, -9.738499977999936 ], [ -77.13843998599998, -9.738399977999961 ], [ -77.138469985999961, -9.738249977999942 ], [ -77.138639985999987, -9.737729977999948 ], [ -77.138819985999987, -9.737229977999959 ], [ -77.138849985999968, -9.737099977999947 ], [ -77.138859985999943, -9.736999977999972 ], [ -77.138799985999981, -9.736359977999939 ], [ -77.138719985999955, -9.735789977999957 ], [ -77.138599985999974, -9.735309977999975 ], [ -77.138559985999962, -9.735189977999937 ], [ -77.138409985999942, -9.734819977999962 ], [ -77.138339985999949, -9.73471997799993 ], [ -77.138179985999955, -9.734479977999968 ], [ -77.138109985999961, -9.734379977999936 ], [ -77.13798998599998, -9.734149977999948 ], [ -77.137949985999967, -9.734059977999948 ], [ -77.137929985999961, -9.733979977999979 ], [ -77.137809985999979, -9.733809977999954 ], [ -77.137879985999973, -9.733419977999972 ], [ -77.137899985999979, -9.733249977999947 ], [ -77.137939985999935, -9.732829977999927 ], [ -77.137969985999973, -9.732469977999926 ], [ -77.137999985999954, -9.732349977999945 ], [ -77.138099985999986, -9.732079977999945 ], [ -77.138159985999948, -9.731819977999976 ], [ -77.138209985999936, -9.731699977999938 ], [ -77.13852998599998, -9.730999977999943 ], [ -77.138649985999962, -9.730649977999974 ], [ -77.138699985999949, -9.73048997799998 ], [ -77.138769985999943, -9.730129977999979 ], [ -77.138789985999949, -9.730009977999941 ], [ -77.138849985999968, -9.729859977999979 ], [ -77.139049985999975, -9.729339977999928 ], [ -77.139079985999956, -9.729239977999953 ], [ -77.139099985999962, -9.729139977999978 ], [ -77.139109985999937, -9.729039977999946 ], [ -77.139039985999943, -9.727669977999938 ], [ -77.139029985999969, -9.72710997799993 ], [ -77.139019985999937, -9.726939977999962 ], [ -77.13896998599995, -9.726679977999936 ], [ -77.138949985999943, -9.726609977999942 ], [ -77.138889985999981, -9.726529977999974 ], [ -77.138399985999968, -9.726049977999935 ], [ -77.138409985999942, -9.725929977999954 ], [ -77.138269985999955, -9.725609977999966 ], [ -77.138219985999967, -9.725509977999934 ], [ -77.138189985999986, -9.725409977999959 ], [ -77.138129985999967, -9.725149977999934 ], [ -77.138109985999961, -9.724939977999952 ], [ -77.138099985999986, -9.724749977999977 ], [ -77.138099985999986, -9.724569977999977 ], [ -77.138109985999961, -9.724319977999926 ], [ -77.138149985999974, -9.724129977999951 ], [ -77.138249985999948, -9.723699977999956 ], [ -77.13825998599998, -9.723659977999944 ], [ -77.13825998599998, -9.723579977999975 ], [ -77.138239985999974, -9.72349997799995 ], [ -77.138139985999942, -9.72298997799993 ], [ -77.138109985999961, -9.72287997799998 ], [ -77.138059985999973, -9.722749977999968 ], [ -77.138049985999942, -9.722669977999942 ], [ -77.138029985999935, -9.72251997799998 ], [ -77.13798998599998, -9.72242997799998 ], [ -77.137969985999973, -9.722349977999954 ], [ -77.137799985999948, -9.721459977999928 ], [ -77.137679985999966, -9.720979977999946 ], [ -77.137619985999947, -9.720869977999939 ], [ -77.137499985999966, -9.720669977999933 ], [ -77.137419985999941, -9.720579977999932 ], [ -77.137229985999966, -9.720409977999964 ], [ -77.137109985999984, -9.720319977999964 ], [ -77.136709985999971, -9.720059977999938 ], [ -77.136609985999939, -9.719979977999969 ], [ -77.136519985999939, -9.719889977999969 ], [ -77.136389985999983, -9.719699977999937 ], [ -77.136319986, -9.719589977999931 ], [ -77.136279985999977, -9.71946997799995 ], [ -77.136219985999958, -9.719069977999936 ], [ -77.136199985999951, -9.718889977999936 ], [ -77.136209985999983, -9.71877997799993 ], [ -77.136239985999964, -9.718589977999954 ], [ -77.13625998599997, -9.718519977999961 ], [ -77.136319986, -9.718419977999929 ], [ -77.136449985999946, -9.718219977999979 ], [ -77.136509985999965, -9.718119977999947 ], [ -77.136559985999952, -9.71797997799996 ], [ -77.136629985999946, -9.71773997799994 ], [ -77.136639985999977, -9.717589977999978 ], [ -77.136639985999977, -9.71737997799994 ], [ -77.136609985999939, -9.716889977999926 ], [ -77.136619985999971, -9.716619977999926 ], [ -77.136639985999977, -9.716519977999951 ], [ -77.136679985999933, -9.716449977999957 ], [ -77.136759985999959, -9.716269977999957 ], [ -77.136849985999959, -9.716129977999969 ], [ -77.136939985999959, -9.716009977999931 ], [ -77.137229985999966, -9.715849977999937 ], [ -77.13723998599994, -9.715679977999969 ], [ -77.137399985999934, -9.715479977999962 ], [ -77.137449985999979, -9.715369977999956 ], [ -77.137609985999973, -9.71499997799998 ], [ -77.137649985999985, -9.714879977999942 ], [ -77.137689985999941, -9.714749977999929 ], [ -77.137799985999948, -9.71412997799996 ], [ -77.137919985999986, -9.713139977999958 ], [ -77.137919985999986, -9.713009977999945 ], [ -77.137919985999986, -9.712889977999964 ], [ -77.137889985999948, -9.71263997799997 ], [ -77.137859985999967, -9.71245997799997 ], [ -77.13783998599996, -9.71236997799997 ], [ -77.137809985999979, -9.712299977999976 ], [ -77.137709985999948, -9.712109977999944 ], [ -77.13765998599996, -9.711959977999982 ], [ -77.137639985999954, -9.711939977999975 ], [ -77.137599985999941, -9.711909977999937 ], [ -77.137589985999966, -9.711879977999956 ], [ -77.137549985999954, -9.711519977999956 ], [ -77.137549985999954, -9.711269977999962 ], [ -77.137539985999979, -9.71114997799998 ], [ -77.137519985999973, -9.711029977999942 ], [ -77.137439985999947, -9.710769977999973 ], [ -77.137409985999966, -9.710659977999967 ], [ -77.137319985999966, -9.710199977999935 ], [ -77.137259985999947, -9.709999977999928 ], [ -77.137219985999934, -9.709909977999928 ], [ -77.137179985999978, -9.709829977999959 ], [ -77.137099985999953, -9.709709977999978 ], [ -77.137039985999934, -9.709649977999959 ], [ -77.136989985999946, -9.70958997799994 ], [ -77.136899985999946, -9.709549977999927 ], [ -77.136809985999946, -9.709459977999927 ], [ -77.136709985999971, -9.709399977999965 ], [ -77.136659985999984, -9.709379977999959 ], [ -77.136579985999958, -9.709209977999933 ], [ -77.136549985999977, -9.709119977999933 ], [ -77.136549985999977, -9.709059977999971 ], [ -77.136559985999952, -9.708989977999977 ], [ -77.136639985999977, -9.708829977999926 ], [ -77.136659985999984, -9.708759977999932 ], [ -77.136659985999984, -9.708729977999951 ], [ -77.136639985999977, -9.708589977999964 ], [ -77.136539985999946, -9.708239977999938 ], [ -77.136519985999939, -9.708109977999982 ], [ -77.136509985999965, -9.707989977999944 ], [ -77.136509985999965, -9.70791997799995 ], [ -77.136529985999971, -9.707809977999943 ], [ -77.136579985999958, -9.707679977999931 ], [ -77.136819985999978, -9.707269977999943 ], [ -77.136919985999953, -9.70702997799998 ], [ -77.136959985999965, -9.706949977999955 ], [ -77.136979985999972, -9.706889977999936 ], [ -77.13696998599994, -9.706769977999954 ], [ -77.136889985999971, -9.706239977999928 ], [ -77.13687998599994, -9.706139977999953 ], [ -77.136889985999971, -9.70591997799994 ], [ -77.136869985999965, -9.705809977999934 ], [ -77.136839985999984, -9.705689977999953 ], [ -77.136769985999933, -9.705539977999933 ], [ -77.13669998599994, -9.705459977999965 ], [ -77.136489985999958, -9.705219977999946 ], [ -77.136459985999977, -9.705189977999964 ], [ -77.136439985999971, -9.705129977999945 ], [ -77.136429985999939, -9.704999977999933 ], [ -77.136419985999964, -9.704969977999951 ], [ -77.136229985999989, -9.704739977999964 ], [ -77.13616998599997, -9.704659977999938 ], [ -77.136039985999957, -9.704379977999963 ], [ -77.136009985999976, -9.704299977999938 ], [ -77.136009985999976, -9.704269977999957 ], [ -77.136009985999976, -9.704229977999944 ], [ -77.136039985999957, -9.704179977999956 ], [ -77.136139985999989, -9.70406997799995 ], [ -77.136219985999958, -9.703999977999956 ], [ -77.136269985999945, -9.703969977999975 ], [ -77.136319986, -9.703929977999962 ], [ -77.136479985999983, -9.703859977999969 ], [ -77.136579985999958, -9.703769977999968 ], [ -77.136709985999971, -9.703719977999981 ], [ -77.136769985999933, -9.703689977999943 ], [ -77.136819985999978, -9.703639977999956 ], [ -77.136899985999946, -9.70355997799993 ], [ -77.136989985999946, -9.703439977999949 ], [ -77.137029985999959, -9.70335997799998 ], [ -77.137049985999965, -9.703279977999955 ], [ -77.13705998599994, -9.703169977999949 ], [ -77.137079985999947, -9.703109977999929 ], [ -77.137469985999985, -9.702539977999947 ], [ -77.137899985999979, -9.701989977999972 ], [ -77.137979985999948, -9.701869977999934 ], [ -77.138109985999961, -9.701539977999971 ], [ -77.138149985999974, -9.701399977999927 ], [ -77.138159985999948, -9.701289977999977 ], [ -77.138139985999942, -9.700989977999939 ], [ -77.138139985999942, -9.700799977999964 ], [ -77.138149985999974, -9.700669977999951 ], [ -77.138199985999961, -9.700429977999931 ], [ -77.138219985999967, -9.700149977999956 ], [ -77.138279985999986, -9.69994997799995 ], [ -77.138279985999986, -9.699879977999956 ], [ -77.138279985999986, -9.699829977999968 ], [ -77.138229985999942, -9.699679977999949 ], [ -77.138149985999974, -9.699489977999974 ], [ -77.138099985999986, -9.699409977999949 ], [ -77.137999985999954, -9.699279977999936 ], [ -77.137949985999967, -9.699179977999961 ], [ -77.137879985999973, -9.699119977999942 ], [ -77.137689985999941, -9.698979977999954 ], [ -77.137379985999985, -9.698789977999979 ], [ -77.137309985999934, -9.69872997799996 ], [ -77.137079985999947, -9.698509977999947 ], [ -77.137009985999953, -9.698429977999979 ], [ -77.136959985999965, -9.698339977999979 ], [ -77.136869985999965, -9.698139977999972 ], [ -77.136739985999952, -9.697879977999946 ], [ -77.136709985999971, -9.697839977999934 ], [ -77.136599985999965, -9.697719977999952 ], [ -77.136539985999946, -9.697619977999977 ], [ -77.136469985999952, -9.697469977999958 ], [ -77.136379985999952, -9.697199977999958 ], [ -77.136329985999964, -9.697079977999977 ], [ -77.136109985999951, -9.696719977999976 ], [ -77.136019985999951, -9.696559977999925 ], [ -77.135969985999964, -9.696479977999957 ], [ -77.135889985999938, -9.696399977999931 ], [ -77.13580998599997, -9.696329977999937 ], [ -77.135699985999963, -9.696249977999969 ], [ -77.135429985999963, -9.696079977999943 ], [ -77.135229985999956, -9.695909977999975 ], [ -77.134909985999968, -9.695609977999936 ], [ -77.134779985999955, -9.695449977999942 ], [ -77.134699985999987, -9.69538997799998 ], [ -77.134669985999949, -9.695339977999936 ], [ -77.134579985999949, -9.695139977999929 ], [ -77.13431998599998, -9.694449977999966 ], [ -77.134269985999936, -9.694269977999966 ], [ -77.134149985999954, -9.693839977999971 ], [ -77.134089985999935, -9.693649977999939 ], [ -77.134019985999942, -9.693489977999945 ], [ -77.133909985999935, -9.693279977999964 ], [ -77.133869985999979, -9.693189977999964 ], [ -77.133749985999941, -9.692719977999957 ], [ -77.133709985999985, -9.692529977999982 ], [ -77.133679985999947, -9.69215997799995 ], [ -77.133669985999973, -9.692029977999937 ], [ -77.133619985999985, -9.691849977999937 ], [ -77.13353998599996, -9.691569977999961 ], [ -77.133489985999972, -9.691329977999942 ], [ -77.133459985999934, -9.691109977999929 ], [ -77.133399985999972, -9.690239977999966 ], [ -77.133369985999934, -9.690079977999972 ], [ -77.13329998599994, -9.689789977999965 ], [ -77.133249985999953, -9.689649977999977 ], [ -77.13311998599994, -9.689399977999926 ], [ -77.133039985999972, -9.689289977999977 ], [ -77.132869985999946, -9.689059977999932 ], [ -77.132809985999984, -9.688959977999957 ], [ -77.132789985999977, -9.688859977999925 ], [ -77.132749985999965, -9.688619977999963 ], [ -77.132749985999965, -9.688539977999937 ], [ -77.132769985999971, -9.688469977999944 ], [ -77.132789985999977, -9.688409977999981 ], [ -77.13293998599994, -9.688149977999956 ], [ -77.133019985999965, -9.688019977999943 ], [ -77.133309985999972, -9.687609977999955 ], [ -77.133459985999934, -9.687269977999961 ], [ -77.13353998599996, -9.687069977999954 ], [ -77.133669985999973, -9.68681997799996 ], [ -77.133959985999979, -9.686349977999953 ], [ -77.134039985999948, -9.686249977999978 ], [ -77.134079985999961, -9.686179977999927 ], [ -77.134119985999973, -9.686079977999952 ], [ -77.134129985999948, -9.685899977999952 ], [ -77.13413998599998, -9.685859977999939 ], [ -77.134209985999973, -9.685779977999971 ], [ -77.134449985999936, -9.685339977999945 ], [ -77.134619985999962, -9.685069977999945 ], [ -77.134829985999943, -9.684719977999976 ], [ -77.135079985999937, -9.68427997799995 ], [ -77.135189985999943, -9.684119977999956 ], [ -77.135559985999976, -9.683609977999936 ], [ -77.135669985999982, -9.68347997799998 ], [ -77.136349985999971, -9.682809977999966 ], [ -77.136409986, -9.682739977999972 ], [ -77.136529985999971, -9.682659977999947 ], [ -77.136739985999952, -9.682539977999966 ], [ -77.136849985999959, -9.682469977999972 ], [ -77.137629985999979, -9.681879977999927 ], [ -77.137809985999979, -9.681739977999939 ], [ -77.138129985999967, -9.681339977999926 ], [ -77.138289985999961, -9.681099977999963 ], [ -77.138499985999943, -9.680759977999969 ], [ -77.138649985999962, -9.680569977999937 ], [ -77.138799985999981, -9.680409977999943 ], [ -77.13896998599995, -9.680239977999975 ], [ -77.139049985999975, -9.680169977999981 ], [ -77.139519985999982, -9.679869977999942 ], [ -77.13965998599997, -9.679789977999974 ], [ -77.139739985999938, -9.67971997799998 ], [ -77.139849985999945, -9.67962997799998 ], [ -77.140049985999951, -9.679429977999973 ], [ -77.140579985999977, -9.678789977999941 ], [ -77.14081998599994, -9.678469977999953 ], [ -77.140919985999972, -9.678329977999965 ], [ -77.141119985999978, -9.677989977999971 ], [ -77.141309985999953, -9.677559977999977 ], [ -77.141439985999966, -9.677259977999938 ], [ -77.141549985999973, -9.67702997799995 ], [ -77.141659985999979, -9.676819977999969 ], [ -77.141799985999967, -9.676559977999943 ], [ -77.141979985999967, -9.67624997799993 ], [ -77.142059985999936, -9.676139977999981 ], [ -77.142179985999974, -9.675989977999961 ], [ -77.142269985999974, -9.675919977999968 ], [ -77.142299985999955, -9.67588997799993 ], [ -77.14237998599998, -9.675849977999974 ], [ -77.142559985999981, -9.67577997799998 ], [ -77.142629985999974, -9.675749977999942 ], [ -77.142699985999968, -9.675719977999961 ], [ -77.142769985999962, -9.675649977999967 ], [ -77.142969985999969, -9.675439977999929 ], [ -77.143119985999988, -9.675119977999941 ], [ -77.143329985999969, -9.674989977999928 ], [ -77.143879985999945, -9.674339977999978 ], [ -77.143939985999964, -9.674299977999965 ], [ -77.144149985999945, -9.674189977999959 ], [ -77.144179985999983, -9.674159977999977 ], [ -77.144219985999939, -9.674089977999927 ], [ -77.144269985999983, -9.674069977999977 ], [ -77.144319985999971, -9.674059977999946 ], [ -77.144569985999965, -9.674049977999971 ], [ -77.144679985999971, -9.674039977999939 ], [ -77.144969985999978, -9.673969977999946 ], [ -77.145039985999972, -9.673959977999971 ], [ -77.145119985999941, -9.673909977999926 ], [ -77.145339985999954, -9.673729977999926 ], [ -77.145599985999979, -9.673569977999932 ], [ -77.145729985999935, -9.673469977999957 ], [ -77.145909985999936, -9.673279977999925 ], [ -77.146129985999949, -9.673139977999938 ], [ -77.146159985999986, -9.673109977999957 ], [ -77.146209985999974, -9.673009977999982 ], [ -77.14631998599998, -9.672919977999982 ], [ -77.146409985999981, -9.672809977999975 ], [ -77.146579985999949, -9.672659977999956 ], [ -77.146679985999981, -9.672569977999956 ], [ -77.146929985999975, -9.672409977999962 ], [ -77.147009985999944, -9.672349977999943 ], [ -77.147059985999988, -9.672339977999968 ], [ -77.147309985999982, -9.672279977999949 ], [ -77.147399985999982, -9.672239977999936 ], [ -77.147459985999944, -9.672199977999981 ], [ -77.147509985999989, -9.672139977999962 ], [ -77.147549985999945, -9.672059977999936 ], [ -77.14771998599997, -9.671639977999973 ], [ -77.147859985999958, -9.671439977999967 ], [ -77.148129985999958, -9.671259977999966 ], [ -77.148329985999965, -9.671209977999979 ], [ -77.148439985999971, -9.671209977999979 ], [ -77.14851998599994, -9.671209977999979 ], [ -77.148739985999953, -9.671209977999979 ], [ -77.148849985999959, -9.671219977999954 ], [ -77.149339985999973, -9.671179977999941 ], [ -77.149669985999935, -9.671159977999935 ], [ -77.15025998599998, -9.671189977999973 ], [ -77.150519985999949, -9.671199977999947 ], [ -77.150629985999956, -9.671219977999954 ], [ -77.150839985999937, -9.671169977999966 ], [ -77.15129998599997, -9.671289977999947 ], [ -77.151719985999989, -9.671619977999967 ], [ -77.15227998599994, -9.671789977999936 ], [ -77.153379985999948, -9.672529977999943 ], [ -77.154309985999987, -9.673029977999931 ], [ -77.155019985999957, -9.673299977999932 ], [ -77.155849985999964, -9.673549977999926 ], [ -77.157389985999941, -9.674439977999953 ], [ -77.157669985999974, -9.674599977999947 ], [ -77.157929985999942, -9.674729977999959 ], [ -77.158039985999949, -9.674769977999972 ], [ -77.158169985999962, -9.674809977999928 ], [ -77.158429985999987, -9.674839977999966 ], [ -77.158769985999982, -9.674869977999947 ], [ -77.158919985999944, -9.674859977999972 ], [ -77.159039985999982, -9.674849977999941 ], [ -77.159339985999964, -9.674889977999953 ], [ -77.159529985999939, -9.674679977999972 ], [ -77.159889985999939, -9.674379977999934 ], [ -77.159969985999965, -9.67430997799994 ], [ -77.160019985999952, -9.674279977999959 ], [ -77.160289985999952, -9.674149977999946 ], [ -77.160359985999946, -9.674119977999965 ], [ -77.160459985999978, -9.674109977999933 ], [ -77.160739985999953, -9.674099977999958 ], [ -77.16120998599996, -9.674029977999965 ], [ -77.161879985999974, -9.673949977999939 ], [ -77.162019985999962, -9.673959977999971 ], [ -77.162489985999969, -9.673999977999927 ], [ -77.162619985999982, -9.674009977999958 ], [ -77.162669985999969, -9.673989977999952 ], [ -77.162849985999969, -9.673889977999977 ], [ -77.16296998599995, -9.673849977999964 ], [ -77.16311998599997, -9.673829977999958 ], [ -77.163339985999983, -9.673799977999977 ], [ -77.163519985999983, -9.673789977999945 ], [ -77.163869985999952, -9.67377997799997 ], [ -77.164259985999934, -9.673749977999933 ], [ -77.164399985999978, -9.673749977999933 ], [ -77.164569985999947, -9.673769977999939 ], [ -77.164659985999947, -9.673799977999977 ], [ -77.164729985999941, -9.673869977999971 ], [ -77.164809985999966, -9.673899977999952 ], [ -77.164899985999966, -9.673989977999952 ], [ -77.165029985999979, -9.674059977999946 ], [ -77.16505998599996, -9.674089977999927 ], [ -77.165089985999941, -9.674139977999971 ], [ -77.165099985999973, -9.674159977999977 ], [ -77.165409985999986, -9.674269977999927 ], [ -77.165519985999936, -9.67430997799994 ], [ -77.165679985999986, -9.674319977999971 ], [ -77.165809985999942, -9.674339977999978 ], [ -77.165869985999962, -9.674339977999978 ], [ -77.165939985999955, -9.674319977999971 ], [ -77.166019985999981, -9.674299977999965 ], [ -77.166199985999981, -9.674229977999971 ], [ -77.166299985999956, -9.674189977999959 ], [ -77.166399985999988, -9.674119977999965 ], [ -77.166929985999957, -9.673759977999964 ], [ -77.166989985999976, -9.673739977999958 ], [ -77.167049985999938, -9.673719977999951 ], [ -77.167549985999983, -9.67368997799997 ], [ -77.167759985999965, -9.673679977999939 ], [ -77.167919985999958, -9.67368997799997 ], [ -77.168109985999934, -9.673739977999958 ], [ -77.168179985999984, -9.673749977999933 ], [ -77.168609985999979, -9.673749977999933 ], [ -77.168739985999935, -9.673739977999958 ], [ -77.168829985999935, -9.673719977999951 ], [ -77.169119985999941, -9.673619977999977 ], [ -77.16950998599998, -9.67350997799997 ], [ -77.170019985999943, -9.673349977999976 ], [ -77.170359985999937, -9.673259977999976 ], [ -77.170529985999963, -9.673229977999938 ], [ -77.170919985999944, -9.673199977999957 ], [ -77.171229985999958, -9.673189977999925 ], [ -77.171349985999939, -9.673199977999957 ], [ -77.171499985999958, -9.673219977999963 ], [ -77.172179985999946, -9.673379977999957 ], [ -77.172319985999934, -9.673409977999938 ], [ -77.172479985999985, -9.673409977999938 ], [ -77.172909985999979, -9.673409977999938 ], [ -77.172999985999979, -9.673399977999964 ], [ -77.173049985999967, -9.673389977999932 ], [ -77.173209985999961, -9.673259977999976 ], [ -77.173589985999968, -9.672929977999956 ], [ -77.173699985999974, -9.672789977999969 ], [ -77.173959985999943, -9.672459977999949 ], [ -77.174079985999981, -9.672269977999974 ], [ -77.174409985999944, -9.671739977999948 ], [ -77.174549985999988, -9.671449977999941 ], [ -77.174649985999963, -9.671229977999928 ], [ -77.174789985999951, -9.670879977999959 ], [ -77.174839985999938, -9.670719977999966 ], [ -77.174899985999957, -9.670489977999978 ], [ -77.174909985999989, -9.670409977999952 ], [ -77.174919985999964, -9.670329977999927 ], [ -77.174899985999957, -9.670019977999971 ], [ -77.174899985999957, -9.669899977999933 ], [ -77.174909985999989, -9.669789977999926 ], [ -77.174989985999957, -9.669519977999926 ], [ -77.174999985999989, -9.669449977999932 ], [ -77.175049985999976, -9.669349977999957 ], [ -77.175179985999989, -9.669069977999982 ], [ -77.175239985999951, -9.668979977999982 ], [ -77.175349985999958, -9.668829977999962 ], [ -77.175429985999983, -9.668759977999969 ], [ -77.175469985999939, -9.668719977999956 ], [ -77.175549985999965, -9.668669977999969 ], [ -77.175709985999958, -9.668599977999975 ], [ -77.176059985999984, -9.668329977999974 ], [ -77.176209985999947, -9.668249977999949 ], [ -77.176599985999985, -9.668059977999974 ], [ -77.176949985999954, -9.667889977999948 ], [ -77.177059985999961, -9.667819977999955 ], [ -77.17720998599998, -9.667669977999935 ], [ -77.17729998599998, -9.667609977999973 ], [ -77.177339985999936, -9.667539977999979 ], [ -77.17756998599998, -9.667089977999979 ], [ -77.177749985999981, -9.666659977999927 ], [ -77.177809985999943, -9.666549977999978 ], [ -77.177889985999968, -9.666449977999946 ], [ -77.178079985999943, -9.666209977999927 ], [ -77.17818998599995, -9.666089977999945 ], [ -77.178249985999969, -9.666049977999933 ], [ -77.178329985999937, -9.665999977999945 ], [ -77.178729985999951, -9.665859977999958 ], [ -77.179119985999989, -9.665699977999964 ], [ -77.179229985999939, -9.665639977999945 ], [ -77.179489985999965, -9.665489977999925 ], [ -77.179599985999971, -9.665429977999963 ], [ -77.180099985999959, -9.665259977999938 ], [ -77.181039985999973, -9.665019977999975 ], [ -77.181469985999968, -9.66493997799995 ], [ -77.181979985999988, -9.664879977999931 ], [ -77.182299985999975, -9.664809977999937 ], [ -77.182409985999982, -9.664769977999981 ], [ -77.182519985999988, -9.664699977999931 ], [ -77.182929985999976, -9.664419977999955 ], [ -77.183009985999945, -9.664349977999962 ], [ -77.183129985999983, -9.664299977999974 ], [ -77.183189985999945, -9.66424997799993 ], [ -77.183549985999946, -9.664039977999948 ], [ -77.183699985999965, -9.663769977999948 ], [ -77.183779985999934, -9.663689977999979 ], [ -77.183869985999934, -9.663619977999929 ], [ -77.184159985999941, -9.663459977999935 ], [ -77.184429985999941, -9.663259977999928 ], [ -77.18466998599996, -9.663109977999966 ], [ -77.184949985999936, -9.662899977999928 ], [ -77.18517998599998, -9.662699977999978 ], [ -77.185439985999949, -9.662459977999958 ], [ -77.18615998599995, -9.661739977999957 ], [ -77.186239985999975, -9.661649977999957 ], [ -77.186279985999988, -9.661529977999976 ], [ -77.186409985999944, -9.661279977999982 ], [ -77.186410817999956, -9.661277301999974 ], [ -77.186449985999957, -9.661079977999975 ], [ -77.186479985999938, -9.660969977999969 ], [ -77.18648998599997, -9.660789977999968 ], [ -77.18648998599997, -9.659789977999935 ], [ -77.186519985999951, -9.65941997799996 ], [ -77.186519985999951, -9.659119977999978 ], [ -77.186549985999989, -9.658959977999928 ], [ -77.18675998599997, -9.658499977999952 ], [ -77.186699985999951, -9.658319977999952 ], [ -77.186679985999945, -9.658169977999933 ], [ -77.186689985999976, -9.658079977999932 ], [ -77.186719985999957, -9.657979977999958 ], [ -77.18684998599997, -9.657609977999925 ], [ -77.186959985999977, -9.657359977999931 ], [ -77.187089985999989, -9.657119977999969 ], [ -77.187449985999933, -9.656519977999949 ], [ -77.187499985999978, -9.656419977999974 ], [ -77.187529985999959, -9.65634997799998 ], [ -77.187569985999971, -9.65616997799998 ], [ -77.18764998599994, -9.656059977999973 ], [ -77.187669985999946, -9.656009977999929 ], [ -77.187669985999946, -9.655789977999973 ], [ -77.187659985999971, -9.655549977999954 ], [ -77.187639985999965, -9.655359977999979 ], [ -77.187579985999946, -9.655119977999959 ], [ -77.187569985999971, -9.654989977999946 ], [ -77.187569985999971, -9.654859977999934 ], [ -77.187609985999984, -9.654529977999971 ], [ -77.187629985999934, -9.654419977999964 ], [ -77.18764998599994, -9.654379977999952 ], [ -77.187729985999965, -9.654279977999977 ], [ -77.187839985999972, -9.654059977999964 ], [ -77.187869985999953, -9.653969977999964 ], [ -77.187909985999966, -9.653799977999938 ], [ -77.187929985999972, -9.653619977999938 ], [ -77.18791998599994, -9.653429977999963 ], [ -77.187859985999978, -9.653129977999981 ], [ -77.187839985999972, -9.652929977999975 ], [ -77.187819985999965, -9.652859977999981 ], [ -77.187789985999984, -9.652799977999962 ], [ -77.187779985999953, -9.652729977999968 ], [ -77.187769985999978, -9.652559977999942 ], [ -77.187799985999959, -9.652369977999967 ], [ -77.18782998599994, -9.652259977999961 ], [ -77.187889985999959, -9.652069977999929 ], [ -77.187959985999953, -9.651879977999954 ], [ -77.188079985999934, -9.651639977999935 ], [ -77.188139985999953, -9.651549977999935 ], [ -77.188209985999947, -9.65144997799996 ], [ -77.188349985999935, -9.651269977999959 ], [ -77.18851998599996, -9.651089977999959 ], [ -77.188809985999967, -9.650789977999978 ], [ -77.189629985999943, -9.649929977999932 ], [ -77.189750013999969, -9.649709996999945 ], [ -77.189899985999944, -9.649639977999925 ], [ -77.190209985999957, -9.649299977999931 ], [ -77.190309985999988, -9.649199977999956 ], [ -77.190679985999964, -9.648869977999937 ], [ -77.190819985999951, -9.648769977999962 ], [ -77.190899985999977, -9.648689977999936 ], [ -77.190979985999945, -9.64857997799993 ], [ -77.191009985999983, -9.648569977999955 ], [ -77.191349985999977, -9.648429977999967 ], [ -77.191489985999965, -9.648389977999955 ], [ -77.191929985999934, -9.648299977999955 ], [ -77.192199985999935, -9.648249977999967 ], [ -77.192319985999973, -9.648239977999935 ], [ -77.192669985999942, -9.648239977999935 ], [ -77.192729985999961, -9.648249977999967 ], [ -77.192829985999936, -9.64828997799998 ], [ -77.192869985999948, -9.648299977999955 ], [ -77.193009985999936, -9.648309977999929 ], [ -77.193209985999943, -9.648309977999929 ], [ -77.193959985999982, -9.648229977999961 ], [ -77.194309985999951, -9.648229977999961 ], [ -77.194379985999944, -9.648239977999935 ], [ -77.194419985999957, -9.648249977999967 ], [ -77.194489985999951, -9.648309977999929 ], [ -77.194519985999989, -9.648329977999936 ], [ -77.194589985999983, -9.648339977999967 ], [ -77.19472998599997, -9.648339977999967 ], [ -77.194929985999977, -9.648329977999936 ], [ -77.195219985999984, -9.648299977999955 ], [ -77.195389985999952, -9.648269977999973 ], [ -77.195609985999965, -9.648219977999929 ], [ -77.195769985999959, -9.648169977999942 ], [ -77.195929985999953, -9.648089977999973 ], [ -77.196029985999985, -9.648039977999929 ], [ -77.19681998599998, -9.647549977999972 ], [ -77.197249985999974, -9.647329977999959 ], [ -77.197669985999937, -9.647079977999965 ], [ -77.19806998599995, -9.64681997799994 ], [ -77.19848998599997, -9.646589977999952 ], [ -77.198819986, -9.646419977999926 ], [ -77.198949985999946, -9.646349977999932 ], [ -77.19928998599994, -9.646059977999926 ], [ -77.199349985999959, -9.645989977999932 ], [ -77.199369985999965, -9.64592997799997 ], [ -77.199409985999978, -9.64577997799995 ], [ -77.199419985999953, -9.645759977999944 ], [ -77.199489985999946, -9.645679977999976 ], [ -77.199519985999984, -9.645629977999931 ], [ -77.199569985999972, -9.645439977999956 ], [ -77.199679985999978, -9.64508997799993 ], [ -77.199689985999953, -9.644969977999949 ], [ -77.199689985999953, -9.644579977999967 ], [ -77.199719985999934, -9.644189977999929 ], [ -77.199749985999972, -9.644039977999967 ], [ -77.199819985999966, -9.643729977999953 ], [ -77.199829985999941, -9.643599977999941 ], [ -77.199819985999966, -9.643079977999946 ], [ -77.199819985999966, -9.642599977999964 ], [ -77.199839985999972, -9.642619977999971 ], [ -77.199839888999975, -9.642619123999964 ], [ -77.199809985999934, -9.642329977999964 ], [ -77.199839985999972, -9.641319977999956 ], [ -77.200009985999941, -9.640539977999936 ], [ -77.200229985999954, -9.639829977999966 ], [ -77.200719985999967, -9.639049977999946 ], [ -77.201239985999962, -9.638369977999957 ], [ -77.201529985999969, -9.63771997799995 ], [ -77.201529985999969, -9.63729997799993 ], [ -77.201759985999956, -9.636809977999974 ], [ -77.202049985999963, -9.63577997799996 ], [ -77.202239985999938, -9.634929977999946 ], [ -77.202279985999951, -9.63437997799997 ], [ -77.202309985999989, -9.633849977999944 ], [ -77.202179985999976, -9.633739977999937 ], [ -77.201899985999944, -9.633489977999943 ], [ -77.201789985999937, -9.633389977999968 ], [ -77.201689985999963, -9.633249977999981 ], [ -77.201687146999973, -9.63324707299995 ], [ -77.201239985999962, -9.632789977999948 ], [ -77.20093998599998, -9.632509977999973 ], [ -77.200889985999936, -9.632449977999954 ], [ -77.200549985999942, -9.632229977999941 ], [ -77.200149985999985, -9.631789977999972 ], [ -77.199809985999934, -9.631589977999965 ], [ -77.199369985999965, -9.631429977999971 ], [ -77.198989985999958, -9.631319977999965 ], [ -77.198009985999988, -9.631119977999958 ], [ -77.197809985999982, -9.631039977999933 ], [ -77.197599985999943, -9.630939977999958 ], [ -77.197069985999974, -9.63079997799997 ], [ -77.196279985999979, -9.630389977999926 ], [ -77.195679985999959, -9.630009977999975 ], [ -77.195239985999933, -9.629709977999937 ], [ -77.194699985999989, -9.629159977999961 ], [ -77.194449985999938, -9.628829977999942 ], [ -77.193829985999969, -9.628629977999935 ], [ -77.193159985999955, -9.62834997799996 ], [ -77.192729985999961, -9.628239977999954 ], [ -77.191969985999947, -9.627759977999972 ], [ -77.190569985999957, -9.626289977999932 ], [ -77.188969985999961, -9.624979977999942 ], [ -77.188789985999961, -9.624849977999929 ], [ -77.188659985999948, -9.624779977999935 ], [ -77.18833998599996, -9.624599977999935 ], [ -77.188269985999966, -9.624539977999973 ], [ -77.188199985999972, -9.624479977999954 ], [ -77.188099985999941, -9.624349977999941 ], [ -77.187799985999959, -9.623929977999978 ], [ -77.18779894499994, -9.62392824099993 ], [ -77.187709985999959, -9.623779977999959 ], [ -77.187289985999939, -9.623129977999952 ], [ -77.186899985999958, -9.622239977999982 ], [ -77.18684998599997, -9.622209977999944 ], [ -77.186829985999964, -9.622149977999982 ], [ -77.186739985999964, -9.622009977999937 ], [ -77.186709985999983, -9.621969977999981 ], [ -77.186629985999957, -9.621909977999962 ], [ -77.186529985999982, -9.62177997799995 ], [ -77.186219985999969, -9.621439977999955 ], [ -77.186129985999969, -9.621379977999936 ], [ -77.185909985999956, -9.621309977999942 ], [ -77.185829985999987, -9.62126997799993 ], [ -77.185779985999943, -9.621209977999968 ], [ -77.185649985999987, -9.62106997799998 ], [ -77.185579985999937, -9.62097997799998 ], [ -77.185529985999949, -9.620919977999961 ], [ -77.185399985999936, -9.620659977999935 ], [ -77.185349985999949, -9.620569977999935 ], [ -77.185119985999961, -9.620239977999972 ], [ -77.184889985999973, -9.619889977999946 ], [ -77.18481998599998, -9.619789977999972 ], [ -77.184499985999935, -9.619439977999946 ], [ -77.184099985999978, -9.61906997799997 ], [ -77.183919985999978, -9.618899977999945 ], [ -77.183879985999965, -9.618849977999957 ], [ -77.183809985999972, -9.618769977999932 ], [ -77.183729985999946, -9.618679977999932 ], [ -77.183699985999965, -9.618609977999938 ], [ -77.183589985999959, -9.618519977999938 ], [ -77.183549985999946, -9.618449977999944 ], [ -77.183499985999958, -9.618329977999963 ], [ -77.183449985999971, -9.618149977999963 ], [ -77.183399985999984, -9.617889977999937 ], [ -77.183369985999946, -9.61759997799993 ], [ -77.183359985999971, -9.617459977999943 ], [ -77.183379985999977, -9.617119977999948 ], [ -77.183389985999952, -9.61679997799996 ], [ -77.183379985999977, -9.616649977999941 ], [ -77.183329986, -9.61625997799996 ], [ -77.183319985999958, -9.615829977999965 ], [ -77.183319985999958, -9.61574997799994 ], [ -77.183299985999952, -9.615669977999971 ], [ -77.183169985999939, -9.615329977999977 ], [ -77.183129985999983, -9.615259977999926 ], [ -77.183059985999989, -9.615169977999926 ], [ -77.182879985999989, -9.614969977999976 ], [ -77.182799985999964, -9.614879977999976 ], [ -77.182739985999945, -9.614779977999945 ], [ -77.182609985999989, -9.614459977999957 ], [ -77.182579985999951, -9.614379977999931 ], [ -77.182469985999944, -9.613789977999943 ], [ -77.182468909999955, -9.613785982999957 ], [ -77.18239998599995, -9.613529977999974 ], [ -77.182339985999988, -9.613339977999942 ], [ -77.182239985999956, -9.61309997799998 ], [ -77.182119985999975, -9.612879977999967 ], [ -77.182049985999981, -9.61276997799996 ], [ -77.181769985999949, -9.61231997799996 ], [ -77.181709985999987, -9.612199977999978 ], [ -77.181669985999974, -9.612099977999947 ], [ -77.181629985999962, -9.611979977999965 ], [ -77.180879985999979, -9.610969977999957 ], [ -77.180229985999972, -9.610159977999956 ], [ -77.179459985999983, -9.609469977999936 ], [ -77.179029985999989, -9.608959977999973 ], [ -77.178849985999989, -9.60873997799996 ], [ -77.17869998599997, -9.608609977999947 ], [ -77.178629985999976, -9.608539977999953 ], [ -77.178559985999982, -9.608459977999928 ], [ -77.17845998599995, -9.608299977999934 ], [ -77.178359985999975, -9.60813997799994 ], [ -77.17809998599995, -9.607599977999939 ], [ -77.178069985999969, -9.607509977999939 ], [ -77.178029985999956, -9.60733997799997 ], [ -77.177959985999962, -9.606969977999938 ], [ -77.177939985999956, -9.606849977999957 ], [ -77.177879985999937, -9.606669977999957 ], [ -77.177799985999968, -9.606449977999944 ], [ -77.177719985999943, -9.606259977999969 ], [ -77.177489985999955, -9.60575997799998 ], [ -77.177429985999936, -9.605629977999968 ], [ -77.177269985999942, -9.605359977999967 ], [ -77.177219985999955, -9.605269977999967 ], [ -77.177189985999973, -9.605159977999961 ], [ -77.177149985999961, -9.605039977999979 ], [ -77.177129985999954, -9.604909977999966 ], [ -77.177129985999954, -9.604729977999966 ], [ -77.177129985999954, -9.604539977999934 ], [ -77.177149985999961, -9.604409977999978 ], [ -77.177159985999936, -9.604349977999959 ], [ -77.177249985999936, -9.604039977999946 ], [ -77.17729998599998, -9.603849977999971 ], [ -77.177309985999955, -9.603729977999933 ], [ -77.177309985999955, -9.603539977999958 ], [ -77.177289985999948, -9.603349977999926 ], [ -77.177269985999942, -9.603169977999926 ], [ -77.177229985999986, -9.602979977999951 ], [ -77.177069985999935, -9.602359977999981 ], [ -77.177049985999986, -9.602239977999943 ], [ -77.177039985999954, -9.602119977999962 ], [ -77.177039985999954, -9.60183997799993 ], [ -77.177049985999986, -9.601769977999936 ], [ -77.177089985999942, -9.601589977999936 ], [ -77.177109985999948, -9.601489977999961 ], [ -77.17702998599998, -9.600669977999928 ], [ -77.177009985999973, -9.600579977999928 ], [ -77.176959985999986, -9.600379977999978 ], [ -77.176929985999948, -9.600249977999965 ], [ -77.176919985999973, -9.600129977999927 ], [ -77.176749985999948, -9.598819977999938 ], [ -77.176579985999979, -9.597379977999935 ], [ -77.176549985999941, -9.596999977999928 ], [ -77.176509985999985, -9.596859977999941 ], [ -77.176399985999979, -9.59631997799994 ], [ -77.176369985999941, -9.596189977999927 ], [ -77.176199985999972, -9.595759977999933 ], [ -77.176198337999949, -9.595757230999936 ], [ -77.176169985999934, -9.595709977999945 ], [ -77.176139985999953, -9.595669977999933 ], [ -77.17600998599994, -9.595569977999958 ], [ -77.175929985999971, -9.595529977999945 ], [ -77.175789985999984, -9.595399977999932 ], [ -77.175479985999971, -9.595179977999976 ], [ -77.175389985999971, -9.595099977999951 ], [ -77.175309985999945, -9.595019977999925 ], [ -77.175199985999939, -9.594899977999944 ], [ -77.175159985999983, -9.594849977999957 ], [ -77.175129985999945, -9.594779977999963 ], [ -77.17511998599997, -9.594699977999937 ], [ -77.17511998599997, -9.594619977999969 ], [ -77.175129985999945, -9.594539977999943 ], [ -77.175169985999958, -9.594399977999956 ], [ -77.175179985999989, -9.594339977999937 ], [ -77.175189985999964, -9.593979977999936 ], [ -77.175249985999983, -9.593279977999941 ], [ -77.175249985999983, -9.593079977999935 ], [ -77.175249985999983, -9.592539977999934 ], [ -77.175229985999977, -9.592389977999972 ], [ -77.175129985999945, -9.591979977999927 ], [ -77.175039985999945, -9.591359977999957 ], [ -77.175009985999964, -9.591229977999944 ], [ -77.174879985999951, -9.590849977999937 ], [ -77.174799985999982, -9.590149977999943 ], [ -77.17484998599997, -9.589659977999929 ], [ -77.174859985999944, -9.589439977999973 ], [ -77.17484998599997, -9.58903997799996 ], [ -77.174359985999956, -9.588209977999952 ], [ -77.174629985999957, -9.587889977999964 ], [ -77.174399985999969, -9.587309977999951 ], [ -77.174379985999963, -9.587219977999951 ], [ -77.174349985999982, -9.58712997799995 ], [ -77.174329985999975, -9.586979977999931 ], [ -77.174219985999969, -9.585859977999974 ], [ -77.174219985999969, -9.585769977999973 ], [ -77.174219985999969, -9.585669977999942 ], [ -77.173940009999967, -9.585070066999947 ], [ -77.174379985999963, -9.584049977999939 ], [ -77.174379985999963, -9.583839977999958 ], [ -77.174329985999975, -9.583239977999938 ], [ -77.174299985999937, -9.58300997799995 ], [ -77.174309985999969, -9.582939977999956 ], [ -77.174319985999944, -9.582859977999931 ], [ -77.174349985999982, -9.582779977999962 ], [ -77.174459985999988, -9.582559977999949 ], [ -77.174539985999957, -9.582309977999955 ], [ -77.174549985999988, -9.582169977999968 ], [ -77.174559985999963, -9.581899977999967 ], [ -77.174579985999969, -9.581729977999942 ], [ -77.174569985999938, -9.581659977999948 ], [ -77.174559985999963, -9.581619977999935 ], [ -77.17442998599995, -9.581329977999928 ], [ -77.17433998599995, -9.581089977999966 ], [ -77.174219985999969, -9.58073997799994 ], [ -77.174199985999962, -9.580599977999952 ], [ -77.174199985999962, -9.580279977999965 ], [ -77.174229985999943, -9.579959977999977 ], [ -77.17424998599995, -9.579859977999945 ], [ -77.174279985999988, -9.579799977999926 ], [ -77.174319985999944, -9.579749977999938 ], [ -77.17442998599995, -9.579689977999976 ], [ -77.174469985999963, -9.579639977999932 ], [ -77.174549985999988, -9.579509977999976 ], [ -77.174639985999988, -9.579439977999925 ], [ -77.17475998599997, -9.579289977999963 ], [ -77.174879985999951, -9.579199977999963 ], [ -77.174949985999945, -9.579119977999937 ], [ -77.175179985999989, -9.578839977999962 ], [ -77.175239985999951, -9.57873997799993 ], [ -77.175259985999958, -9.578719977999981 ], [ -77.175289985999939, -9.578639977999956 ], [ -77.17529998599997, -9.578459977999955 ], [ -77.175309985999945, -9.57828997799993 ], [ -77.175309985999945, -9.578009977999955 ], [ -77.17529998599997, -9.577869977999967 ], [ -77.175239985999951, -9.577629977999948 ], [ -77.175229985999977, -9.57757997799996 ], [ -77.175169985999958, -9.577499977999935 ], [ -77.175129985999945, -9.577339977999941 ], [ -77.175089985999989, -9.577269977999947 ], [ -77.174979985999983, -9.577139977999934 ], [ -77.174869985999976, -9.576969977999966 ], [ -77.174809985999957, -9.576869977999934 ], [ -77.174749985999938, -9.576739977999978 ], [ -77.174279985999988, -9.57521997799995 ], [ -77.174149985999975, -9.574579977999974 ], [ -77.174129985999969, -9.574479977999943 ], [ -77.174139985999943, -9.574379977999968 ], [ -77.174209985999937, -9.574129977999974 ], [ -77.174239985999975, -9.573989977999929 ], [ -77.174259985999981, -9.573709977999954 ], [ -77.174259985999981, -9.573539977999928 ], [ -77.17424998599995, -9.573449977999928 ], [ -77.174229985999943, -9.573419977999947 ], [ -77.174119985999937, -9.573219977999941 ], [ -77.174099985999987, -9.573179977999928 ], [ -77.174039985999968, -9.573139977999972 ], [ -77.173999985999956, -9.573099977999959 ], [ -77.173979985999949, -9.573029977999965 ], [ -77.173969985999975, -9.572899977999953 ], [ -77.173979985999949, -9.572789977999946 ], [ -77.174029985999937, -9.572639977999927 ], [ -77.174059985999975, -9.572589977999939 ], [ -77.174099985999987, -9.572519977999946 ], [ -77.174279985999988, -9.572339977999945 ], [ -77.174319985999944, -9.572299977999933 ], [ -77.174369985999988, -9.572209977999933 ], [ -77.174639985999988, -9.571719977999976 ], [ -77.174779985999976, -9.571419977999938 ], [ -77.17484998599997, -9.571259977999944 ], [ -77.174869985999976, -9.571199977999981 ], [ -77.174889985999982, -9.570879977999937 ], [ -77.175019985999938, -9.57020997799998 ], [ -77.17502998599997, -9.570109977999948 ], [ -77.17502998599997, -9.56978997799996 ], [ -77.175089985999989, -9.569439977999934 ], [ -77.17511998599997, -9.569259977999934 ], [ -77.175169985999958, -9.568659977999971 ], [ -77.175179985999989, -9.568229977999977 ], [ -77.175199985999939, -9.567949977999945 ], [ -77.175199985999939, -9.567889977999926 ], [ -77.175189985999964, -9.567829977999963 ], [ -77.175139985999976, -9.567709977999925 ], [ -77.17511998599997, -9.567629977999957 ], [ -77.175089985999989, -9.567399977999969 ], [ -77.175069985999983, -9.56733997799995 ], [ -77.175039985999945, -9.567279977999931 ], [ -77.174919985999964, -9.567109977999962 ], [ -77.174669985999969, -9.566699977999974 ], [ -77.174589985999944, -9.56653997799998 ], [ -77.174499985999944, -9.566319977999967 ], [ -77.174459985999988, -9.566209977999961 ], [ -77.174389985999937, -9.565909977999979 ], [ -77.174359985999956, -9.565799977999973 ], [ -77.174259985999981, -9.565539977999947 ], [ -77.174209985999937, -9.565459977999978 ], [ -77.17415998599995, -9.565399977999959 ], [ -77.174029985999937, -9.565259977999972 ], [ -77.173929985999962, -9.565129977999959 ], [ -77.173649985999987, -9.564759977999927 ], [ -77.173569985999961, -9.564659977999952 ], [ -77.173439985999948, -9.564539977999971 ], [ -77.172729985999979, -9.564129977999926 ], [ -77.171939985999984, -9.563039977999949 ], [ -77.171939048999945, -9.563035240999966 ], [ -77.171759985999984, -9.562129977999973 ], [ -77.171739985999977, -9.562049977999948 ], [ -77.171729985999946, -9.561959977999948 ], [ -77.171749985999952, -9.561879977999979 ], [ -77.171779985999933, -9.561799977999954 ], [ -77.17188998599994, -9.561559977999934 ], [ -77.171969985999965, -9.561409977999972 ], [ -77.172039985999959, -9.561289977999934 ], [ -77.172559985999953, -9.560579977999964 ], [ -77.172639985999979, -9.560449977999951 ], [ -77.172779985999966, -9.560199977999957 ], [ -77.172809985999947, -9.560079977999976 ], [ -77.172809985999947, -9.55996997799997 ], [ -77.172769985999935, -9.559749977999957 ], [ -77.172679985999935, -9.559559977999982 ], [ -77.172509985999966, -9.559409977999962 ], [ -77.172209985999984, -9.55927997799995 ], [ -77.170599985999957, -9.55865997799998 ], [ -77.169989985999962, -9.558579977999955 ], [ -77.169859985999949, -9.558539977999942 ], [ -77.169259985999986, -9.558509977999961 ], [ -77.169169985999986, -9.558179977999941 ], [ -77.168889985999954, -9.557669977999979 ], [ -77.168859985999973, -9.557479977999947 ], [ -77.168839985999966, -9.557309977999978 ], [ -77.168839985999966, -9.557139977999952 ], [ -77.168840681999939, -9.557136154999966 ], [ -77.168859985999973, -9.557029977999946 ], [ -77.16890998599996, -9.556729977999964 ], [ -77.168919985999935, -9.556589977999977 ], [ -77.168919985999935, -9.556269977999932 ], [ -77.16890998599996, -9.556199977999938 ], [ -77.168849985999941, -9.556109977999938 ], [ -77.16881998599996, -9.55602997799997 ], [ -77.168769985999973, -9.555809977999957 ], [ -77.16872998599996, -9.555729977999931 ], [ -77.16863998599996, -9.555529977999981 ], [ -77.168619985999953, -9.555489977999969 ], [ -77.168559985999934, -9.555449977999956 ], [ -77.168539985999985, -9.555379977999962 ], [ -77.168509985999947, -9.555349977999981 ], [ -77.168459985999959, -9.555309977999968 ], [ -77.168289985999934, -9.55518997799993 ], [ -77.168239985999946, -9.555129977999968 ], [ -77.168189985999959, -9.555059977999974 ], [ -77.168149985999946, -9.554969977999974 ], [ -77.168089985999984, -9.554709977999948 ], [ -77.168049985999971, -9.554589977999967 ], [ -77.167999985999984, -9.554469977999929 ], [ -77.167869985999971, -9.554159977999973 ], [ -77.167829985999958, -9.55411997799996 ], [ -77.167689985999971, -9.554049977999966 ], [ -77.167619985999977, -9.553969977999941 ], [ -77.167409985999939, -9.553809977999947 ], [ -77.167319985999939, -9.553709977999972 ], [ -77.16714998599997, -9.55351997799994 ], [ -77.16705998599997, -9.553399977999959 ], [ -77.166759985999988, -9.552909977999946 ], [ -77.16672998599995, -9.552859977999958 ], [ -77.166669985999988, -9.552719977999971 ], [ -77.166609985999969, -9.552459977999945 ], [ -77.166569985999956, -9.55226997799997 ], [ -77.16654998599995, -9.552079977999938 ], [ -77.166529985999944, -9.551719977999937 ], [ -77.166519985999969, -9.551639977999969 ], [ -77.166479985999956, -9.551529977999962 ], [ -77.16645998599995, -9.551429977999931 ], [ -77.166449985999975, -9.551079977999962 ], [ -77.166429985999969, -9.551029977999974 ], [ -77.166379985999981, -9.550919977999968 ], [ -77.16627998599995, -9.550589977999948 ], [ -77.166179985999975, -9.550379977999967 ], [ -77.166149985999937, -9.550319977999948 ], [ -77.166029985999955, -9.55017997799996 ], [ -77.165959985999962, -9.550109977999966 ], [ -77.165819985999974, -9.549979977999953 ], [ -77.165689985999961, -9.549869977999947 ], [ -77.16547998599998, -9.549719977999928 ], [ -77.165379985999948, -9.549659977999966 ], [ -77.165359985999942, -9.549629977999928 ], [ -77.165319985999986, -9.549529977999953 ], [ -77.165289985999948, -9.549429977999978 ], [ -77.165279985999973, -9.549239977999946 ], [ -77.165259985999967, -9.547509977999937 ], [ -77.165249985999935, -9.547419977999937 ], [ -77.16523998599996, -9.547329977999937 ], [ -77.165229985999986, -9.547289977999981 ], [ -77.165129985999954, -9.547099977999949 ], [ -77.165069985999935, -9.546899977999942 ], [ -77.165039985999954, -9.546799977999967 ], [ -77.165029985999979, -9.546699977999936 ], [ -77.165019985999947, -9.546589977999929 ], [ -77.165029985999979, -9.546429977999935 ], [ -77.165109985999948, -9.545909977999941 ], [ -77.165069985999935, -9.544999977999964 ], [ -77.164509985999985, -9.544419977999951 ], [ -77.164589538999962, -9.543753728999945 ], [ -77.164589985999953, -9.543749977999937 ], [ -77.164209985999946, -9.542609977999973 ], [ -77.163989985999933, -9.542109977999928 ], [ -77.163929985999971, -9.541979977999972 ], [ -77.163839985999971, -9.541829977999953 ], [ -77.16356998599997, -9.541459977999978 ], [ -77.163289985999938, -9.541099977999977 ], [ -77.163249985999983, -9.541029977999926 ], [ -77.163189985999963, -9.540909977999945 ], [ -77.163079985999957, -9.540609977999964 ], [ -77.163059985999951, -9.540519977999963 ], [ -77.163039985999944, -9.540439977999938 ], [ -77.16302998599997, -9.540359977999969 ], [ -77.16302998599997, -9.539979977999963 ], [ -77.163009985999963, -9.539679977999981 ], [ -77.162989985999957, -9.539569977999975 ], [ -77.162971132999985, -9.539485135999939 ], [ -77.16296998599995, -9.539479977999974 ], [ -77.162949985999944, -9.539399977999949 ], [ -77.162799985999982, -9.539059977999955 ], [ -77.162759985999969, -9.538979977999929 ], [ -77.162689985999975, -9.538859977999948 ], [ -77.161859985999968, -9.53766997799994 ], [ -77.161379985999986, -9.536989977999951 ], [ -77.161329985999942, -9.536899977999951 ], [ -77.161289985999986, -9.536819977999926 ], [ -77.161259985999948, -9.536709977999976 ], [ -77.16120998599996, -9.536429977999944 ], [ -77.161199985999986, -9.536119977999931 ], [ -77.161189985999954, -9.536019977999956 ], [ -77.161199985999986, -9.535859977999962 ], [ -77.161269985999979, -9.53557997799993 ], [ -77.161309985999935, -9.535459977999949 ], [ -77.161429985999973, -9.535159977999967 ], [ -77.16144998599998, -9.535049977999961 ], [ -77.16144998599998, -9.53492997799998 ], [ -77.161419985999942, -9.53468997799996 ], [ -77.161399985999935, -9.534609977999935 ], [ -77.161379985999986, -9.534519977999935 ], [ -77.161289985999986, -9.534369977999972 ], [ -77.160709985999972, -9.533519977999958 ], [ -77.160579985999959, -9.533349977999933 ], [ -77.16024998599994, -9.532979977999958 ], [ -77.160199985999952, -9.532919977999939 ], [ -77.160139985999933, -9.532799977999957 ], [ -77.160019985999952, -9.532609977999925 ], [ -77.159929985999952, -9.532469977999938 ], [ -77.159859985999958, -9.532289977999937 ], [ -77.159809985999971, -9.532159977999981 ], [ -77.159749985999952, -9.531939977999969 ], [ -77.159659985999951, -9.531699977999949 ], [ -77.159619985999939, -9.531539977999955 ], [ -77.159589985999958, -9.531419977999974 ], [ -77.159569985999951, -9.531299977999936 ], [ -77.159559985999977, -9.53116997799998 ], [ -77.159559985999977, -9.530919977999929 ], [ -77.159579985999983, -9.530679977999966 ], [ -77.159609985999964, -9.53029997799996 ], [ -77.159639985999945, -9.530179977999978 ], [ -77.159659985999951, -9.530049977999965 ], [ -77.159709985999939, -9.529919977999953 ], [ -77.159909985999946, -9.529369977999977 ], [ -77.159949985999958, -9.529239977999964 ], [ -77.159959986, -9.529189977999977 ], [ -77.159959986, -9.529069977999939 ], [ -77.159949985999958, -9.528819977999945 ], [ -77.160069985999939, -9.52760997799993 ], [ -77.159709985999939, -9.527379977999942 ], [ -77.159139985999957, -9.527069977999929 ], [ -77.158809985999937, -9.526919977999967 ], [ -77.158699985999988, -9.526859977999948 ], [ -77.158399985999949, -9.52662997799996 ], [ -77.158309985999949, -9.526549977999935 ], [ -77.158079985999962, -9.526259977999928 ], [ -77.158009985999968, -9.526169977999928 ], [ -77.157949985999949, -9.526059977999978 ], [ -77.157849985999974, -9.525819977999959 ], [ -77.157769985999948, -9.525619977999952 ], [ -77.157499985999948, -9.524739977999957 ], [ -77.157479985999942, -9.524659977999931 ], [ -77.157469985999967, -9.524549977999982 ], [ -77.157459985999935, -9.524319977999937 ], [ -77.157479985999942, -9.523839977999955 ], [ -77.157479985999942, -9.523479977999955 ], [ -77.157499985999948, -9.523369977999948 ], [ -77.157529985999986, -9.523219977999929 ], [ -77.157569985999942, -9.52304997799996 ], [ -77.157619985999986, -9.522919977999948 ], [ -77.157729985999936, -9.522699977999935 ], [ -77.157919985999968, -9.522379977999947 ], [ -77.157969985999955, -9.522279977999972 ], [ -77.158009985999968, -9.522139977999927 ], [ -77.15804998599998, -9.521929977999946 ], [ -77.158039985999949, -9.521779977999927 ], [ -77.157989985999961, -9.52121997699993 ], [ -77.157969985999955, -9.521119976999955 ], [ -77.157929985999942, -9.520999976999974 ], [ -77.15786998599998, -9.52083997699998 ], [ -77.157839985999942, -9.520769976999929 ], [ -77.157729985999936, -9.520669976999955 ], [ -77.157549985999935, -9.520459976999973 ], [ -77.157539985999961, -9.520439976999967 ], [ -77.157469985999967, -9.520399976999954 ], [ -77.157429985999954, -9.520279976999973 ], [ -77.157379985999967, -9.520199976999947 ], [ -77.157329985999979, -9.520179976999941 ], [ -77.157249985999954, -9.520129976999954 ], [ -77.157209985999941, -9.520099976999973 ], [ -77.156899985999985, -9.519789976999959 ], [ -77.156769985999972, -9.519619976999934 ], [ -77.156589985999972, -9.51936997699994 ], [ -77.156529985999953, -9.519259976999933 ], [ -77.156469985999934, -9.519159976999958 ], [ -77.156429985999978, -9.519039976999977 ], [ -77.156369985999959, -9.518869976999952 ], [ -77.156339985999978, -9.518759976999945 ], [ -77.156319985999971, -9.518559976999938 ], [ -77.156299985999965, -9.518409976999976 ], [ -77.156259985999952, -9.51820997699997 ], [ -77.15621998599994, -9.51805997699995 ], [ -77.156089985999984, -9.517739976999962 ], [ -77.155909985999983, -9.517389976999937 ], [ -77.155859985999939, -9.517259976999981 ], [ -77.155819985999983, -9.517219976999968 ], [ -77.15508998599995, -9.516769976999967 ], [ -77.15472998599995, -9.516559976999929 ], [ -77.154419985999937, -9.516429976999973 ], [ -77.154309985999987, -9.516369976999954 ], [ -77.153759985999955, -9.515819976999978 ], [ -77.153759046999937, -9.515814943999942 ], [ -77.153619985999967, -9.515069976999939 ], [ -77.153559985999948, -9.514919976999977 ], [ -77.153429985999935, -9.514679976999957 ], [ -77.153369985999973, -9.514579976999926 ], [ -77.153289985999947, -9.514469976999976 ], [ -77.152959985999985, -9.51411997699995 ], [ -77.152869985999985, -9.514009976999944 ], [ -77.152749985999947, -9.513829976999943 ], [ -77.152599985999984, -9.51360997699993 ], [ -77.152559985999972, -9.513539976999937 ], [ -77.152529985999934, -9.513459976999968 ], [ -77.152499985999953, -9.51333997699993 ], [ -77.152449985999965, -9.513059976999955 ], [ -77.152419985999984, -9.512829976999967 ], [ -77.15236998599994, -9.512429976999954 ], [ -77.15236998599994, -9.512289976999966 ], [ -77.15236998599994, -9.512139976999947 ], [ -77.152409985999952, -9.51166997699994 ], [ -77.152409985999952, -9.511529976999952 ], [ -77.152399985999978, -9.511419976999946 ], [ -77.152350522999939, -9.511133088999941 ], [ -77.152349985999933, -9.511129976999939 ], [ -77.152259985999933, -9.510679976999938 ], [ -77.152239985999984, -9.510629976999951 ], [ -77.152199985999971, -9.510579976999963 ], [ -77.152089985999964, -9.510479976999932 ], [ -77.151959985999952, -9.510319976999938 ], [ -77.151669985999945, -9.510039976999963 ], [ -77.151589985999976, -9.509939976999931 ], [ -77.151519985999983, -9.50981997699995 ], [ -77.151159985999982, -9.509229976999961 ], [ -77.151079985999957, -9.509059976999936 ], [ -77.150979985999982, -9.508809976999942 ], [ -77.15087998599995, -9.508379976999947 ], [ -77.150799985999981, -9.508139976999928 ], [ -77.150749985999937, -9.507959976999928 ], [ -77.150609985999949, -9.507649976999971 ], [ -77.150419985999974, -9.507329976999927 ], [ -77.150379985999962, -9.507219976999977 ], [ -77.150329985999974, -9.507039976999977 ], [ -77.150299985999936, -9.506869976999951 ], [ -77.150289985999962, -9.506519976999925 ], [ -77.150269985999955, -9.506379976999938 ], [ -77.150139985999942, -9.505739976999962 ], [ -77.149999985999955, -9.505239976999974 ], [ -77.149939985999936, -9.504929976999961 ], [ -77.149889985999948, -9.504539976999979 ], [ -77.149789985999973, -9.504189976999953 ], [ -77.149779985999942, -9.504079976999947 ], [ -77.14980998599998, -9.503489976999958 ], [ -77.150039985999967, -9.50316997699997 ], [ -77.150269985999955, -9.502839976999951 ], [ -77.150499985999943, -9.502569976999951 ], [ -77.150689985999975, -9.502169976999937 ], [ -77.150759985999969, -9.50169997699993 ], [ -77.150819985999988, -9.501399976999949 ], [ -77.150859985999944, -9.501039976999948 ], [ -77.15087998599995, -9.500679976999947 ], [ -77.150849985999969, -9.500289976999966 ], [ -77.150849985999969, -9.499999976999959 ], [ -77.150959985999975, -9.499499976999971 ], [ -77.151469985999938, -9.498149976999969 ], [ -77.151499985999976, -9.497239976999936 ], [ -77.151349985999957, -9.496639976999973 ], [ -77.151119985999969, -9.496119976999978 ], [ -77.150949985999944, -9.495879976999959 ], [ -77.150459735999959, -9.495503351999957 ], [ -77.149351485999944, -9.494651851999947 ], [ -77.149333110999976, -9.49463772699994 ], [ -77.149327611, -9.494633476999979 ], [ -77.149309985999935, -9.494619976999957 ], [ -77.149307610999983, -9.494616976999964 ], [ -77.149278610999943, -9.49458147699994 ], [ -77.14925173599994, -9.494548476999967 ], [ -77.148689985999965, -9.493859976999943 ], [ -77.148384485999941, -9.493054976999929 ], [ -77.148279985999977, -9.492779976999941 ], [ -77.148271485999942, -9.492616226999928 ], [ -77.148239985999965, -9.492009976999952 ], [ -77.14798998599997, -9.490629976999969 ], [ -77.147689985999989, -9.489889976999962 ], [ -77.147219985999982, -9.48907997699996 ], [ -77.14693998599995, -9.488369976999934 ], [ -77.146938741999975, -9.488367016999973 ], [ -77.146649985999943, -9.487679976999971 ], [ -77.14622998599998, -9.486929976999932 ], [ -77.14502998599994, -9.48582997699998 ], [ -77.144499985999971, -9.485099976999948 ], [ -77.144129985999939, -9.484369976999972 ], [ -77.144040062999977, -9.484070226999961 ], [ -77.143889985999976, -9.483569976999945 ], [ -77.14326998599995, -9.482199976999937 ], [ -77.142609985999968, -9.481029976999935 ], [ -77.142089985999974, -9.479629976999945 ], [ -77.14177998599996, -9.477939976999949 ], [ -77.141119985999978, -9.475399976999938 ], [ -77.141059985999959, -9.473189976999947 ], [ -77.141129985999953, -9.472259976999965 ], [ -77.141199985999947, -9.471929976999945 ], [ -77.141549985999973, -9.471099976999938 ], [ -77.141624735999983, -9.470665101999941 ], [ -77.14177998599996, -9.469759976999967 ], [ -77.14192998599998, -9.469169976999979 ], [ -77.142249985999968, -9.468579976999933 ], [ -77.143069985999944, -9.46743997699997 ], [ -77.144799985999953, -9.465279976999966 ], [ -77.14526998599996, -9.464819976999934 ], [ -77.146359985999936, -9.464099976999933 ], [ -77.147399985999982, -9.46358997699997 ], [ -77.148179985999946, -9.463419976999944 ], [ -77.14878998599994, -9.46307997699995 ], [ -77.149099985999953, -9.462819976999981 ], [ -77.151049985999975, -9.460439976999965 ], [ -77.151269985999988, -9.460039976999951 ], [ -77.151419985999951, -9.459339976999956 ], [ -77.151709985999958, -9.458699976999981 ], [ -77.152109985999971, -9.458119976999967 ], [ -77.152375606999954, -9.457839320999938 ], [ -77.15263998599994, -9.45755997699996 ], [ -77.153119985999979, -9.456839976999959 ], [ -77.153339985999935, -9.456359976999977 ], [ -77.153439985999967, -9.455899976999945 ], [ -77.153479985999979, -9.454609976999961 ], [ -77.153779985999961, -9.453969976999929 ], [ -77.154189985999949, -9.453259976999959 ], [ -77.154529985999943, -9.451989976999926 ], [ -77.154649985999981, -9.451159976999975 ], [ -77.154609985999969, -9.449479976999953 ], [ -77.154879985999969, -9.447739976999969 ], [ -77.155159985999944, -9.447209976999943 ], [ -77.155669985999964, -9.446709976999955 ], [ -77.156009985999958, -9.446109976999935 ], [ -77.156429985999978, -9.445119976999933 ], [ -77.156569985999965, -9.444609976999971 ], [ -77.156569985999965, -9.444009976999951 ], [ -77.156159985999977, -9.442479976999948 ], [ -77.156279985999959, -9.442039976999979 ], [ -77.156529985999953, -9.44039997699997 ], [ -77.156689985999947, -9.440029976999938 ], [ -77.157139985999947, -9.439319976999968 ], [ -77.157519985999954, -9.438569976999929 ], [ -77.158249985999987, -9.43663997699997 ], [ -77.15893998599995, -9.435499976999949 ], [ -77.159229985999957, -9.434839976999967 ], [ -77.159369985999945, -9.434359976999929 ], [ -77.159439985999938, -9.433329976999971 ], [ -77.159365860999969, -9.432370101999936 ], [ -77.159309735999955, -9.431644476999963 ], [ -77.159279985999945, -9.431259976999968 ], [ -77.15884998599995, -9.429819976999966 ], [ -77.158431235999956, -9.429050851999932 ], [ -77.158359985999937, -9.428919976999964 ], [ -77.158235610999952, -9.42861985199994 ], [ -77.158189985999968, -9.428509976999976 ], [ -77.157826610999962, -9.429058476999955 ] ] ] ] } },
{ "type": "Feature", "properties": { "UBIGEO": "120805", "CCDD": "12", "CCPP": "08", "CCDI": "05", "DEPARTAMEN": "JUNIN", "PROVINCIA": "YAULI", "DISTRITO": "MOROCOCHA", "OBJECTID": 1157.0, "ESRI_OID": 1157.0 }, "geometry": { "type": "MultiPolygon", "coordinates": [ [ [ [ -76.082589234999944, -11.388894603999972 ], [ -76.08263685999998, -11.38904797899994 ], [ -76.082958734999977, -11.390299853999977 ], [ -76.08301285999994, -11.390604728999961 ], [ -76.08335223499995, -11.392517728999962 ], [ -76.08374573499998, -11.394663978999972 ], [ -76.083870984999976, -11.395830978999982 ], [ -76.083951359999958, -11.396823728999948 ], [ -76.084005109999964, -11.398084603999962 ], [ -76.084139234999952, -11.399989353999956 ], [ -76.08429373499996, -11.401532853999981 ], [ -76.084414484999968, -11.402836603999958 ], [ -76.084559359999957, -11.403826478999974 ], [ -76.08457173499994, -11.404716478999944 ], [ -76.084413359999985, -11.405389603999936 ], [ -76.084274859999937, -11.406320103999974 ], [ -76.08409660999996, -11.40721085399997 ], [ -76.083898609999949, -11.408062228999938 ], [ -76.083839234999971, -11.409071978999975 ], [ -76.083687484999984, -11.410279353999954 ], [ -76.085160109999947, -11.419050853999977 ], [ -76.085070234999989, -11.420239478999974 ], [ -76.084941234999974, -11.420618103999971 ], [ -76.084570359999987, -11.421705728999939 ], [ -76.084392234999939, -11.422227478999957 ], [ -76.084103859999971, -11.423071853999943 ], [ -76.084037234999983, -11.423604978999947 ], [ -76.083900359999973, -11.424908228999982 ], [ -76.084370484999965, -11.426337478999926 ], [ -76.085070234999989, -11.428003478999926 ], [ -76.085210734999976, -11.428192978999959 ], [ -76.085836609999944, -11.429036478999933 ], [ -76.087136234999946, -11.430136103999928 ], [ -76.087902609999958, -11.430735728999935 ], [ -76.088539109999942, -11.431492228999957 ], [ -76.088874984999961, -11.433353478999948 ], [ -76.090156234999938, -11.436187478999955 ], [ -76.091773484999976, -11.438351603999934 ], [ -76.093629609999937, -11.439950353999961 ], [ -76.093946609999989, -11.440225728999962 ], [ -76.094195484999943, -11.44065285399995 ], [ -76.094348234999984, -11.441043228999945 ], [ -76.094399234999969, -11.441569478999952 ], [ -76.094331359999956, -11.442282353999929 ], [ -76.094178609999972, -11.443097228999932 ], [ -76.094059734999973, -11.444064728999933 ], [ -76.093900359999964, -11.445124103999945 ], [ -76.093874984999957, -11.445293103999973 ], [ -76.09427573499994, -11.44607297899995 ], [ -76.094684234999988, -11.446829353999931 ], [ -76.095001859999968, -11.44760072899993 ], [ -76.095085984999969, -11.448015603999977 ], [ -76.094517734999954, -11.44881085399993 ], [ -76.093621109999958, -11.449792978999938 ], [ -76.093080734999944, -11.450429478999979 ], [ -76.092838734999987, -11.450716978999935 ], [ -76.091990734999968, -11.450882103999959 ], [ -76.090921734999938, -11.451080978999926 ], [ -76.089479734999941, -11.451404228999934 ], [ -76.088485234999951, -11.451677728999925 ], [ -76.086720109999987, -11.452149978999955 ], [ -76.085675984999966, -11.452423478999947 ], [ -76.084408984999982, -11.453184478999958 ], [ -76.082350859999963, -11.454726978999929 ], [ -76.081026859999952, -11.45597872899998 ], [ -76.080214484999942, -11.45680710399995 ], [ -76.078140734999977, -11.458765853999978 ], [ -76.077926609999963, -11.45896785399998 ], [ -76.075765859999933, -11.461382853999964 ], [ -76.074394484999971, -11.462640603999944 ], [ -76.067994109999972, -11.469636728999944 ], [ -76.06648260999998, -11.471680603999971 ], [ -76.066159484999957, -11.47262335399995 ], [ -76.066124109999976, -11.472726603999945 ], [ -76.06579985999997, -11.473672228999931 ], [ -76.065802109999936, -11.473905103999925 ], [ -76.065814109999963, -11.475030853999954 ], [ -76.066010484999936, -11.475914853999939 ], [ -76.066070109999941, -11.476183103999972 ], [ -76.066330734999951, -11.476456103999965 ], [ -76.066966359999981, -11.477121978999946 ], [ -76.067947859999947, -11.477804853999942 ], [ -76.068673484999977, -11.478999728999952 ], [ -76.06911523499997, -11.479839853999977 ], [ -76.069480484999985, -11.481123103999948 ], [ -76.069519484999944, -11.48262310399997 ], [ -76.069119109999974, -11.484499978999963 ], [ -76.068466734999959, -11.48652535399998 ], [ -76.067667859999972, -11.488854228999969 ], [ -76.066534234999949, -11.491854978999982 ], [ -76.065400609999983, -11.495389228999954 ], [ -76.064266984999961, -11.498656478999976 ], [ -76.063466859999949, -11.50252422899996 ], [ -76.062949984999989, -11.504082978999975 ], [ -76.062749984999982, -11.506333603999963 ], [ -76.062999984999976, -11.507433853999942 ], [ -76.063450109999962, -11.508634103999952 ], [ -76.063600234999967, -11.510234478999962 ], [ -76.063600234999967, -11.511484853999946 ], [ -76.063575234999973, -11.512599103999946 ], [ -76.063603359999945, -11.513302478999947 ], [ -76.063659609999945, -11.514258978999976 ], [ -76.063975359999972, -11.515586478999978 ], [ -76.064487734999943, -11.517030353999928 ], [ -76.064906859999951, -11.518474353999977 ], [ -76.065232984999966, -11.520244353999942 ], [ -76.065326109999944, -11.521595103999971 ], [ -76.065652109999974, -11.523551353999949 ], [ -76.066071359999967, -11.526206353999953 ], [ -76.06625760999998, -11.528302353999948 ], [ -76.06649060999996, -11.529885853999929 ], [ -76.066917984999975, -11.531552728999941 ], [ -76.067017609999937, -11.532818353999971 ], [ -76.067328984999961, -11.534683603999952 ], [ -76.067509359999974, -11.536262978999957 ], [ -76.067515234999973, -11.536313853999957 ], [ -76.067497984999989, -11.537490228999957 ], [ -76.067344359999936, -11.537852353999938 ], [ -76.067143109999961, -11.538254853999945 ], [ -76.067029109999964, -11.538462853999931 ], [ -76.066863359999957, -11.538743228999977 ], [ -76.066101609999976, -11.539068228999952 ], [ -76.064201109999942, -11.539175603999979 ], [ -76.062540109999986, -11.539319603999957 ], [ -76.061492234999946, -11.539529228999982 ], [ -76.060129734999975, -11.540079478999928 ], [ -76.059878484999956, -11.540256728999964 ], [ -76.059238984999979, -11.540708353999946 ], [ -76.058505234999984, -11.54117985399995 ], [ -76.058162234999941, -11.541554728999927 ], [ -76.057902734999971, -11.541808603999982 ], [ -76.057833984999945, -11.54228210399998 ], [ -76.057736234999936, -11.542788228999939 ], [ -76.057658609999976, -11.543136353999955 ], [ -76.057642234999946, -11.543209728999955 ], [ -76.057601984999962, -11.543304103999958 ], [ -76.057499984999936, -11.543544103999977 ], [ -76.057445859999973, -11.543702978999931 ], [ -76.057500984999933, -11.544088853999938 ], [ -76.057590484999935, -11.544612478999966 ], [ -76.057680109999978, -11.545067228999926 ], [ -76.057762859999968, -11.545480728999962 ], [ -76.057822484999974, -11.545776478999926 ], [ -76.057859359999952, -11.546100853999974 ], [ -76.05788685999994, -11.546514478999939 ], [ -76.057928109999978, -11.546865728999933 ], [ -76.057990359999962, -11.54715497899997 ], [ -76.058137109999961, -11.547441103999972 ], [ -76.058348359999968, -11.547624728999949 ], [ -76.058978109999941, -11.548102853999978 ], [ -76.05963885999995, -11.548596478999968 ], [ -76.060053109999956, -11.549026728999934 ], [ -76.060371735, -11.549361353999927 ], [ -76.060434484999973, -11.54974585399998 ], [ -76.06041960999994, -11.550193978999971 ], [ -76.060415859999978, -11.550305978999972 ], [ -76.060247734999962, -11.550679478999939 ], [ -76.059812109999939, -11.551049728999942 ], [ -76.058193984999946, -11.551248978999979 ], [ -76.05613735999998, -11.551363853999931 ], [ -76.05464948499997, -11.551616478999961 ], [ -76.053239734999977, -11.55209535399996 ], [ -76.052642359999936, -11.552518603999943 ], [ -76.051970234999942, -11.553116103999969 ], [ -76.050578734999988, -11.554030728999976 ], [ -76.05055198499997, -11.554048603999945 ], [ -76.049146484999937, -11.554982478999932 ], [ -76.047719359999974, -11.556348478999951 ], [ -76.046648609999977, -11.557652228999928 ], [ -76.046199359999946, -11.558775228999934 ], [ -76.046058984999945, -11.559645478999926 ], [ -76.045974859999944, -11.560908728999948 ], [ -76.045402359999969, -11.562320353999951 ], [ -76.044691359999945, -11.563501103999954 ], [ -76.04422148499998, -11.564205978999951 ], [ -76.043900359999952, -11.564558603999956 ], [ -76.042648484999972, -11.564581978999968 ], [ -76.041010484999958, -11.563971103999961 ], [ -76.03990110999996, -11.563530603999936 ], [ -76.039137484999969, -11.563393478999956 ], [ -76.038491609999937, -11.563373853999963 ], [ -76.037708234999968, -11.563315103999969 ], [ -76.036866359999976, -11.563315103999969 ], [ -76.035574234999956, -11.563452353999935 ], [ -76.03499048499998, -11.563579853999954 ], [ -76.034947859999988, -11.563589228999945 ], [ -76.033896484999957, -11.564269603999946 ], [ -76.03266211, -11.565711103999945 ], [ -76.031585984999936, -11.568462853999961 ], [ -76.031086484999946, -11.570399228999975 ], [ -76.030900859999974, -11.571533603999967 ], [ -76.030830109999954, -11.572525353999936 ], [ -76.031183359999943, -11.573674228999948 ], [ -76.031961484999954, -11.575054853999973 ], [ -76.032514609999964, -11.575898478999932 ], [ -76.032613859999969, -11.576053603999981 ], [ -76.032912109999984, -11.576519478999955 ], [ -76.033334234999984, -11.57698535399993 ], [ -76.033520734999968, -11.577217228999928 ], [ -76.033673109999938, -11.577705603999959 ], [ -76.033588359999953, -11.578227978999962 ], [ -76.033393109999963, -11.579627353999967 ], [ -76.033310484999959, -11.580925728999944 ], [ -76.034016484999938, -11.581175603999952 ], [ -76.034471484999983, -11.581435603999978 ], [ -76.034910234999984, -11.581728103999978 ], [ -76.035112109999943, -11.581846728999949 ], [ -76.035462734999953, -11.582053103999954 ], [ -76.035917734999941, -11.582394353999973 ], [ -76.03616148499998, -11.582589353999936 ], [ -76.036356609999984, -11.582995603999962 ], [ -76.036437734999936, -11.583580603999962 ], [ -76.03645398499998, -11.584230478999928 ], [ -76.036486484999955, -11.585173103999978 ], [ -76.036356609999984, -11.585888103999935 ], [ -76.036033859999975, -11.586704353999949 ], [ -76.035693484999967, -11.587601853999956 ], [ -76.035325359999945, -11.588715228999945 ], [ -76.035130984999967, -11.58993672899993 ], [ -76.035120984999935, -11.590000353999926 ], [ -76.035028109999985, -11.591021603999934 ], [ -76.035015984999973, -11.591666978999967 ], [ -76.034994984999969, -11.592020728999955 ], [ -76.035027609999986, -11.592434228999934 ], [ -76.035147234999954, -11.59316322899997 ], [ -76.035462984999981, -11.594087978999937 ], [ -76.035734859999934, -11.59498022899993 ], [ -76.035952359999953, -11.595687353999949 ], [ -76.036202609999975, -11.596372853999981 ], [ -76.036485609999943, -11.597090978999972 ], [ -76.036703109999962, -11.597798103999935 ], [ -76.03688810999995, -11.598494478999953 ], [ -76.037018734999947, -11.599201728999958 ], [ -76.037116609999941, -11.599713103999932 ], [ -76.037170984999989, -11.600148228999956 ], [ -76.037294609999947, -11.601370853999981 ], [ -76.037536609999961, -11.60284285399996 ], [ -76.03785073499995, -11.603586603999929 ], [ -76.038077109999961, -11.603996478999932 ], [ -76.038212859999987, -11.604192603999934 ], [ -76.040043734999983, -11.605095478999942 ], [ -76.041152734999969, -11.60562385399993 ], [ -76.042568109999934, -11.606362353999941 ], [ -76.044537109999965, -11.607531603999973 ], [ -76.046383234999951, -11.608515978999947 ], [ -76.048394234999989, -11.609432978999962 ], [ -76.050306109999951, -11.609528603999934 ], [ -76.052839234999965, -11.60938522899994 ], [ -76.05527673499995, -11.609241853999947 ], [ -76.058048859999985, -11.609098478999954 ], [ -76.058717984999987, -11.609241853999947 ], [ -76.060743484999989, -11.609503978999953 ], [ -76.062486109999952, -11.609421353999949 ], [ -76.063576109999985, -11.60920122899995 ], [ -76.065132859999949, -11.60830072899995 ], [ -76.066955109999981, -11.606304853999973 ], [ -76.067576484999961, -11.604633603999957 ], [ -76.068036609999979, -11.603007853999941 ], [ -76.068238234999967, -11.60211322899994 ], [ -76.068527359999962, -11.600921978999963 ], [ -76.06874210999996, -11.600032478999935 ], [ -76.06898748499998, -11.599081478999949 ], [ -76.069029734999958, -11.598920853999971 ], [ -76.069140859999948, -11.598498728999971 ], [ -76.069570359999943, -11.598007853999945 ], [ -76.070587859999989, -11.59763672899993 ], [ -76.071257359999947, -11.597635353999976 ], [ -76.072206859999937, -11.597612228999935 ], [ -76.072799735, -11.597843728999976 ], [ -76.073271484999964, -11.598180728999978 ], [ -76.073541109999951, -11.598719978999952 ], [ -76.073945609999953, -11.599326603999941 ], [ -76.074709484999971, -11.599669228999971 ], [ -76.075832859999934, -11.600343228999975 ], [ -76.07788048499998, -11.60192847899998 ], [ -76.080011609999985, -11.603443478999964 ], [ -76.081898859999967, -11.604926478999971 ], [ -76.084190484999965, -11.606768728999953 ], [ -76.084549984999967, -11.607442728999956 ], [ -76.085448609999958, -11.608745853999949 ], [ -76.086970859999951, -11.610423728999933 ], [ -76.087658234999935, -11.610860978999938 ], [ -76.088512234999939, -11.611277603999952 ], [ -76.089345484999967, -11.611694228999966 ], [ -76.089657734999946, -11.611912853999968 ], [ -76.089970359999938, -11.612131603999956 ], [ -76.090178609999953, -11.612777353999945 ], [ -76.090220234999947, -11.613464728999929 ], [ -76.09028273499996, -11.614568728999927 ], [ -76.09044935999998, -11.615776728999947 ], [ -76.090678484999955, -11.616734978999943 ], [ -76.090995609999936, -11.617556228999945 ], [ -76.09132948499996, -11.617959103999965 ], [ -76.091859109999973, -11.61839660399994 ], [ -76.092362234999939, -11.618695603999981 ], [ -76.093082609999954, -11.618998853999926 ], [ -76.093689359999985, -11.619207603999939 ], [ -76.094182359999934, -11.619283228999961 ], [ -76.094694234999963, -11.619397103999972 ], [ -76.095699109999941, -11.62002272899997 ], [ -76.096794484999975, -11.620848603999946 ], [ -76.097778234999964, -11.621694228999957 ], [ -76.099037984999939, -11.622626103999949 ], [ -76.100038859999984, -11.623109228999965 ], [ -76.10133398499994, -11.624249978999956 ], [ -76.102282359999947, -11.625335478999943 ], [ -76.103101484999968, -11.626421853999943 ], [ -76.103516984999942, -11.626774978999947 ], [ -76.103811484999937, -11.626763228999948 ], [ -76.104058859999952, -11.626727853999967 ], [ -76.104424109999968, -11.626645353999947 ], [ -76.105884734999961, -11.626258228999973 ], [ -76.108214859999975, -11.625113228999965 ], [ -76.110983734999934, -11.624234478999938 ], [ -76.113813359999938, -11.622829603999946 ], [ -76.114714859999935, -11.622318353999958 ], [ -76.115890609999951, -11.621833978999973 ], [ -76.11695898499994, -11.62160347899993 ], [ -76.117601484999966, -11.621702728999935 ], [ -76.118155734999959, -11.622329103999959 ], [ -76.118444734999969, -11.622955603999969 ], [ -76.118709734999982, -11.623919228999966 ], [ -76.11904710999994, -11.624979353999947 ], [ -76.119312109999953, -11.625870978999956 ], [ -76.119712859999936, -11.626720728999942 ], [ -76.120396234999987, -11.62721997899996 ], [ -76.121432234999986, -11.627701978999937 ], [ -76.122733109999956, -11.628087353999945 ], [ -76.123407859999986, -11.628665603999934 ], [ -76.123954609999942, -11.629282728999954 ], [ -76.124315859999967, -11.62985047899997 ], [ -76.124453484999947, -11.63053860399998 ], [ -76.124694359999978, -11.63096872899996 ], [ -76.125158859999942, -11.631123603999981 ], [ -76.125795359999984, -11.631140853999966 ], [ -76.126621234999959, -11.631157978999966 ], [ -76.127154484999949, -11.631226853999976 ], [ -76.127810609999983, -11.631289228999947 ], [ -76.128544859999977, -11.63072660399996 ], [ -76.129572359999941, -11.630335103999926 ], [ -76.130575609999937, -11.629992478999952 ], [ -76.13130960999996, -11.629527603999975 ], [ -76.132190359999981, -11.62950310399998 ], [ -76.133046984999964, -11.629625478999969 ], [ -76.134074609999971, -11.629919103999953 ], [ -76.135298859999978, -11.630546853999931 ], [ -76.135897609999972, -11.630930853999928 ], [ -76.136289859999977, -11.631192228999964 ], [ -76.136958109999966, -11.63142460399996 ], [ -76.137800734999985, -11.631700603999946 ], [ -76.138890359999948, -11.631976728999973 ], [ -76.139979859999983, -11.632209103999969 ], [ -76.140822359999959, -11.632339853999952 ], [ -76.141403484999955, -11.632325353999931 ], [ -76.142013609999935, -11.632034853999926 ], [ -76.142841609999948, -11.631453728999929 ], [ -76.14298148499995, -11.631378728999948 ], [ -76.14343735999995, -11.631134103999955 ], [ -76.144091109999977, -11.630843603999949 ], [ -76.144686734999937, -11.630349603999946 ], [ -76.145006359999968, -11.629666853999936 ], [ -76.14519523499996, -11.629216478999979 ], [ -76.145471234999945, -11.628707978999955 ], [ -76.145848859999944, -11.628068728999949 ], [ -76.146299234999958, -11.627458603999969 ], [ -76.146705984999983, -11.627022853999961 ], [ -76.147243609999975, -11.626485353999954 ], [ -76.147853734999956, -11.62597685399993 ], [ -76.148536484999966, -11.625613603999966 ], [ -76.149162109999963, -11.625337853999952 ], [ -76.149791734999951, -11.62530135399993 ], [ -76.150349484999936, -11.625347728999941 ], [ -76.150965484999972, -11.625429103999977 ], [ -76.151651234999974, -11.625568603999966 ], [ -76.152290359999938, -11.625708103999955 ], [ -76.152894734999961, -11.625847478999958 ], [ -76.153487359999986, -11.626068353999926 ], [ -76.154280359999973, -11.626420478999933 ], [ -76.15455723499997, -11.62647772899993 ], [ -76.154994109999961, -11.626499978999959 ], [ -76.155090859999973, -11.626462728999968 ], [ -76.155249984999955, -11.626313978999974 ], [ -76.155365734999975, -11.626132103999964 ], [ -76.155458734999968, -11.625894478999953 ], [ -76.155518609999945, -11.625505853999925 ], [ -76.15560260999996, -11.625161853999941 ], [ -76.15563448499995, -11.625113853999949 ], [ -76.155697609999947, -11.625018353999963 ], [ -76.156125609999947, -11.624371603999975 ], [ -76.156632234999961, -11.623651478999932 ], [ -76.157158734999939, -11.62292935399995 ], [ -76.157745484999964, -11.622477978999939 ], [ -76.158437609999964, -11.62207172899997 ], [ -76.159121734999985, -11.62152072899994 ], [ -76.159417984999948, -11.621187353999971 ], [ -76.159733109999934, -11.62080535399997 ], [ -76.160048234999977, -11.620404228999973 ], [ -76.160372984999981, -11.619907728999976 ], [ -76.160707234999961, -11.619468353999935 ], [ -76.161049359999936, -11.619081478999931 ], [ -76.161481484999968, -11.618692603999932 ], [ -76.162100859999953, -11.618217228999981 ], [ -76.162460859999953, -11.617922103999945 ], [ -76.162777734999963, -11.617684353999948 ], [ -76.163049484999988, -11.617487103999963 ], [ -76.163654484999938, -11.61721597899998 ], [ -76.164285484999937, -11.616908228999932 ], [ -76.164739234999956, -11.616668353999955 ], [ -76.165245109999944, -11.61639710399993 ], [ -76.16558923499997, -11.616209353999977 ], [ -76.165773609999974, -11.61610997899993 ], [ -76.166097734999937, -11.615948853999953 ], [ -76.16649373499996, -11.615747228999965 ], [ -76.166897109999979, -11.615624728999933 ], [ -76.167278734999968, -11.615603103999945 ], [ -76.167775609999978, -11.615696728999978 ], [ -76.168216359999974, -11.615713353999979 ], [ -76.168642734999935, -11.615655728999968 ], [ -76.16902298499997, -11.615638478999927 ], [ -76.169443484999988, -11.615638478999927 ], [ -76.169627859999935, -11.61564422899994 ], [ -76.170077234999951, -11.615661478999925 ], [ -76.170445984999958, -11.615632728999969 ], [ -76.170745609999983, -11.615575103999959 ], [ -76.170967234999978, -11.615511353999977 ], [ -76.171048359999986, -11.615448603999937 ], [ -76.171114359999933, -11.615389103999973 ], [ -76.171258609999938, -11.615257978999978 ], [ -76.171443359999955, -11.615077603999964 ], [ -76.171751359999973, -11.614758603999974 ], [ -76.172059234999949, -11.614430228999936 ], [ -76.172260109999968, -11.614200728999947 ], [ -76.172374609999963, -11.614095603999942 ], [ -76.172556484999973, -11.613990353999952 ], [ -76.172728609999979, -11.613999978999971 ], [ -76.172958109999968, -11.61406685399993 ], [ -76.173445859999958, -11.614229603999945 ], [ -76.174019734999945, -11.614439853999954 ], [ -76.174488359999941, -11.614602478999927 ], [ -76.174937859999943, -11.614755603999981 ], [ -76.175368234999951, -11.614879728999938 ], [ -76.175932484999976, -11.615032853999935 ], [ -76.176525359999971, -11.615157103999934 ], [ -76.177075234999961, -11.615220478999959 ], [ -76.177726609999979, -11.615141478999931 ], [ -76.178644234999979, -11.614970728999936 ], [ -76.179134984999962, -11.614842728999974 ], [ -76.179636484999946, -11.614682603999938 ], [ -76.18068760999995, -11.614431103999948 ], [ -76.180687484999964, -11.614430228999936 ], [ -76.180571359999988, -11.614368728999978 ], [ -76.180310109999937, -11.614067603999956 ], [ -76.180041484999947, -11.613715603999935 ], [ -76.179758484999979, -11.613348978999966 ], [ -76.179550734999964, -11.612873103999959 ], [ -76.179535109999961, -11.61180660399998 ], [ -76.179809484999964, -11.610916728999939 ], [ -76.180251234999957, -11.610077353999941 ], [ -76.180692984999951, -11.609458853999968 ], [ -76.181245234999949, -11.608486978999963 ], [ -76.181907859999967, -11.607559228999946 ], [ -76.182441359999984, -11.606912103999946 ], [ -76.183962109999982, -11.60634435399993 ], [ -76.185705609999957, -11.605864728999961 ], [ -76.187029234999954, -11.604347478999955 ], [ -76.187868734999938, -11.60231360399996 ], [ -76.187900984999942, -11.59995685399997 ], [ -76.187319859999945, -11.597826103999978 ], [ -76.187319859999945, -11.597421853999947 ], [ -76.187319859999945, -11.594307103999938 ], [ -76.187707109999963, -11.592789853999932 ], [ -76.189418359999934, -11.590400603999967 ], [ -76.190709609999942, -11.588883478999946 ], [ -76.191613609999933, -11.588173228999949 ], [ -76.192558109999936, -11.587553353999965 ], [ -76.192646734999983, -11.587495228999956 ], [ -76.193292359999987, -11.587462978999952 ], [ -76.19445460999998, -11.58781810399995 ], [ -76.196391609999978, -11.588592853999955 ], [ -76.198199484999975, -11.588657478999949 ], [ -76.199393984999972, -11.588431478999951 ], [ -76.20010773499996, -11.587469603999978 ], [ -76.200136609999959, -11.587430603999962 ], [ -76.201331109999956, -11.585622728999965 ], [ -76.201837109999985, -11.584925603999977 ], [ -76.201859609999985, -11.584894478999956 ], [ -76.202439484999957, -11.584063853999965 ], [ -76.202809484999989, -11.583372228999963 ], [ -76.203064609999956, -11.582529978999958 ], [ -76.203485109999974, -11.581683228999964 ], [ -76.203823109999973, -11.581290103999947 ], [ -76.204364734999956, -11.580477603999952 ], [ -76.204806859999962, -11.579652353999961 ], [ -76.204982234999989, -11.578220853999937 ], [ -76.204951359999939, -11.577641353999979 ], [ -76.204852359999961, -11.576375103999965 ], [ -76.204932609999958, -11.575763853999945 ], [ -76.20493560999995, -11.575756353999964 ], [ -76.205222234999951, -11.575007853999978 ], [ -76.205500734999987, -11.57442210399995 ], [ -76.205853984999976, -11.574253103999979 ], [ -76.206232609999972, -11.574145603999966 ], [ -76.206373984999971, -11.57410522899994 ], [ -76.206759984999962, -11.574131103999946 ], [ -76.20728223499998, -11.574145603999966 ], [ -76.208008234999966, -11.574146103999965 ], [ -76.208505859999946, -11.574077478999982 ], [ -76.209148110999934, -11.573864353999966 ], [ -76.209186735999936, -11.57385372899995 ], [ -76.209861735999937, -11.573623603999977 ], [ -76.209862485999963, -11.573623353999949 ], [ -76.210430735999978, -11.573300728999982 ], [ -76.210666110999966, -11.573115353999981 ], [ -76.211229235999951, -11.57267122899998 ], [ -76.212058610999975, -11.572087603999933 ], [ -76.212611485999957, -11.57159610399998 ], [ -76.213133735999975, -11.571212228999968 ], [ -76.213486985999964, -11.571073978999948 ], [ -76.213951110999972, -11.571039103999965 ], [ -76.214964610999971, -11.571133728999939 ], [ -76.215013860999989, -11.571144853999954 ], [ -76.21627648599997, -11.571430353999972 ], [ -76.216681610999956, -11.571540978999963 ], [ -76.216932360999976, -11.571570978999944 ], [ -76.217291610999951, -11.571477228999981 ], [ -76.217429735999985, -11.571269478999966 ], [ -76.217697610999949, -11.570852603999981 ], [ -76.217780485999981, -11.570592353999928 ], [ -76.217806985999971, -11.570508978999953 ], [ -76.217605735999939, -11.569865353999944 ], [ -76.217139735999979, -11.56877035399998 ], [ -76.21686011099996, -11.567838353999946 ], [ -76.21674361099997, -11.567092853999952 ], [ -76.216790235999952, -11.566626853999935 ], [ -76.217046485999958, -11.566044353999928 ], [ -76.217535735999945, -11.565485228999933 ], [ -76.218345860999989, -11.564825853999935 ], [ -76.219651985999974, -11.563797353999973 ], [ -76.220457860999943, -11.563245853999945 ], [ -76.221115110999961, -11.563055103999943 ], [ -76.221847610999987, -11.562968228999978 ], [ -76.222744485999954, -11.562925603999929 ], [ -76.222871360999989, -11.562900228999979 ], [ -76.223276235999947, -11.562819228999956 ], [ -76.223705110999958, -11.562733228999946 ], [ -76.223765985999989, -11.562683728999957 ], [ -76.22417498599998, -11.562349103999964 ], [ -76.225102110999956, -11.561358478999978 ], [ -76.225420235999934, -11.560785728999974 ], [ -76.225733735999938, -11.559893603999967 ], [ -76.225989985999945, -11.558954103999952 ], [ -76.226011235999977, -11.558121353999979 ], [ -76.225925860999951, -11.55752347899994 ], [ -76.225819110999964, -11.55690422899994 ], [ -76.22599711099997, -11.556124978999947 ], [ -76.226480610999943, -11.555102353999928 ], [ -76.227339860999962, -11.55389447899995 ], [ -76.226617110999939, -11.553416853999977 ], [ -76.225520985999935, -11.553039353999964 ], [ -76.225499610999975, -11.553023228999962 ], [ -76.224460860999955, -11.552230853999959 ], [ -76.223556610999935, -11.551386728999944 ], [ -76.221829485999933, -11.550615353999945 ], [ -76.221052610999948, -11.550378978999959 ], [ -76.220537985999954, -11.55022235399997 ], [ -76.219835985999964, -11.549997728999926 ], [ -76.219162360999974, -11.549099228999978 ], [ -76.219054735999975, -11.547906228999977 ], [ -76.219245735999948, -11.546264228999974 ], [ -76.219181860999981, -11.544954478999955 ], [ -76.219181860999981, -11.543133603999934 ], [ -76.218287485999952, -11.54124872899996 ], [ -76.21736098599996, -11.539939103999927 ], [ -76.215955485999984, -11.53875697899997 ], [ -76.215278235999961, -11.538286228999937 ], [ -76.213828110999941, -11.537430978999964 ], [ -76.213176235999981, -11.537063978999981 ], [ -76.212684610999986, -11.53678722899997 ], [ -76.211962360999962, -11.536265478999951 ], [ -76.210971985999947, -11.535594603999925 ], [ -76.210109485999965, -11.53498760399998 ], [ -76.209044985999981, -11.534187478999968 ], [ -76.207632109999963, -11.534074978999968 ], [ -76.206559109999944, -11.533883353999954 ], [ -76.206199109999943, -11.533281853999938 ], [ -76.206014359999983, -11.531543228999965 ], [ -76.205878859999984, -11.530384728999934 ], [ -76.205636234999986, -11.528684728999963 ], [ -76.205074234999984, -11.527806853999948 ], [ -76.204410609999968, -11.527050603999953 ], [ -76.20388298499995, -11.526059103999955 ], [ -76.203116984999951, -11.525241978999929 ], [ -76.202504234999935, -11.52493560399995 ], [ -76.201457359999949, -11.524093103999974 ], [ -76.200302484999952, -11.522708478999959 ], [ -76.199803734999989, -11.521661353999946 ], [ -76.198661484999946, -11.520348978999948 ], [ -76.198529859999951, -11.520279728999981 ], [ -76.198226484999964, -11.519888478999974 ], [ -76.198183234999988, -11.519832853999958 ], [ -76.197769984999979, -11.519299978999982 ], [ -76.197489984999947, -11.519079978999969 ], [ -76.197069984999985, -11.518169978999936 ], [ -76.196459984999933, -11.517669978999947 ], [ -76.196169984999983, -11.517359978999934 ], [ -76.195909984999957, -11.517259978999959 ], [ -76.195649984999989, -11.516919978999965 ], [ -76.195689984999944, -11.516159978999951 ], [ -76.195649984999989, -11.515659978999963 ], [ -76.195099984999956, -11.514259978999974 ], [ -76.194965484999955, -11.514114603999928 ], [ -76.194849984999962, -11.513989978999973 ], [ -76.194559984999955, -11.513789978999966 ], [ -76.194159984999942, -11.513709978999941 ], [ -76.19367998499996, -11.513719978999973 ], [ -76.193429984999966, -11.51349997899996 ], [ -76.193289984999979, -11.513229978999959 ], [ -76.193119984999953, -11.51307997899994 ], [ -76.192749984999978, -11.512939978999952 ], [ -76.191789984999957, -11.512269978999939 ], [ -76.191419984999982, -11.512219978999951 ], [ -76.191059984999981, -11.512329978999958 ], [ -76.190849984999943, -11.512179978999939 ], [ -76.190349984999955, -11.511979978999932 ], [ -76.189849984999967, -11.511549978999938 ], [ -76.189549984999985, -11.511379978999969 ], [ -76.189259984999978, -11.51131997899995 ], [ -76.188699984999971, -11.511339978999956 ], [ -76.188449984999977, -11.511289978999969 ], [ -76.188289984999983, -11.511159978999956 ], [ -76.188009984999951, -11.510669978999942 ], [ -76.187749984999982, -11.510349978999955 ], [ -76.187029984999981, -11.510089978999929 ], [ -76.186799984999936, -11.509899978999954 ], [ -76.186634734999984, -11.509423353999978 ], [ -76.18655210999998, -11.509184728999969 ], [ -76.186539984999968, -11.509149978999972 ], [ -76.186389984999948, -11.508489978999933 ], [ -76.186159984999961, -11.508279978999951 ], [ -76.185599984999953, -11.508279978999951 ], [ -76.185329984999953, -11.508219978999932 ], [ -76.184089984999957, -11.506969978999962 ], [ -76.183489984999937, -11.506519978999961 ], [ -76.181399984999985, -11.50528997899994 ], [ -76.180549984999971, -11.505129978999946 ], [ -76.179899984999963, -11.50492997899994 ], [ -76.179189984999937, -11.504839978999939 ], [ -76.17860998499998, -11.504839978999939 ], [ -76.178024109999967, -11.504908978999936 ], [ -76.177419984999972, -11.504979978999927 ], [ -76.177129984999965, -11.505099978999965 ], [ -76.176549984999951, -11.505509978999953 ], [ -76.176109984999982, -11.505569978999972 ], [ -76.17564998499995, -11.50570997899996 ], [ -76.175179984999943, -11.505759978999947 ], [ -76.174199984999973, -11.505689978999953 ], [ -76.17355998499994, -11.505229978999978 ], [ -76.172649984999964, -11.504169978999926 ], [ -76.172289984999964, -11.503919978999932 ], [ -76.171049984999968, -11.503839978999963 ], [ -76.16985998499996, -11.503959978999944 ], [ -76.16925998499994, -11.504299978999939 ], [ -76.168619984999964, -11.504379978999964 ], [ -76.16803998499995, -11.50430997899997 ], [ -76.167889984999988, -11.504149978999976 ], [ -76.167789984999956, -11.503839978999963 ], [ -76.167749984999944, -11.502849978999961 ], [ -76.167129984999974, -11.501879978999966 ], [ -76.166959984999949, -11.501689978999934 ], [ -76.165999984999985, -11.500999978999971 ], [ -76.165129984999965, -11.499969978999957 ], [ -76.164989984999977, -11.499869978999982 ], [ -76.164749984999958, -11.499799978999931 ], [ -76.164599984999938, -11.499789978999956 ], [ -76.164389984999957, -11.49967997899995 ], [ -76.164199984999982, -11.499539978999962 ], [ -76.164079984999944, -11.499299978999943 ], [ -76.163889984999969, -11.49860997899998 ], [ -76.163799984999969, -11.498479978999967 ], [ -76.163409984999987, -11.498259978999954 ], [ -76.162999984999942, -11.498209978999967 ], [ -76.162879984999961, -11.498229978999973 ], [ -76.162722109999947, -11.498317353999937 ], [ -76.162409984999954, -11.498489978999942 ], [ -76.16215998499996, -11.498559978999936 ], [ -76.162000039999953, -11.498540017999971 ], [ -76.161749984999972, -11.498249978999979 ], [ -76.16155998499994, -11.498029978999966 ], [ -76.161029984999971, -11.497719978999953 ], [ -76.16006998499995, -11.497049978999939 ], [ -76.159749984999962, -11.496489978999932 ], [ -76.159629984999981, -11.496359978999976 ], [ -76.159419984999943, -11.496299978999957 ], [ -76.159279984999955, -11.496379978999926 ], [ -76.15917998499998, -11.496489978999932 ], [ -76.159009984999955, -11.496479978999957 ], [ -76.158959984999967, -11.496199978999925 ], [ -76.159069984999974, -11.495639978999975 ], [ -76.158969984999942, -11.495339978999937 ], [ -76.158859984999935, -11.495199978999949 ], [ -76.158749984999986, -11.495149978999962 ], [ -76.158299984999985, -11.495119978999981 ], [ -76.157849984999984, -11.494679978999955 ], [ -76.157499984999959, -11.494639978999942 ], [ -76.157279984999946, -11.494559978999973 ], [ -76.157209984999952, -11.494419978999929 ], [ -76.157039984999983, -11.493839978999972 ], [ -76.15663998499997, -11.493639978999965 ], [ -76.156539984999938, -11.493079978999958 ], [ -76.156469984999944, -11.492919978999964 ], [ -76.156329984999957, -11.492819978999933 ], [ -76.155879984999956, -11.492779978999977 ], [ -76.155769984999949, -11.492699978999951 ], [ -76.155699984999956, -11.492479978999938 ], [ -76.155789984999956, -11.491989978999982 ], [ -76.155579984999974, -11.491489978999937 ], [ -76.155669984999975, -11.491009978999955 ], [ -76.155669984999975, -11.490709978999973 ], [ -76.155439984999987, -11.490239978999966 ], [ -76.155389984999942, -11.489599978999934 ], [ -76.15523998499998, -11.489299978999952 ], [ -76.155179984999961, -11.489029978999952 ], [ -76.155189984999936, -11.488879978999933 ], [ -76.155259984999987, -11.488789978999932 ], [ -76.155559984999968, -11.488669978999951 ], [ -76.155609984999955, -11.488559978999945 ], [ -76.155529984999987, -11.488189978999969 ], [ -76.155409984999949, -11.488019978999944 ], [ -76.155179984999961, -11.487429978999955 ], [ -76.15514998499998, -11.487089978999961 ], [ -76.15523998499998, -11.486349978999954 ], [ -76.155089984999961, -11.485879978999947 ], [ -76.154909984999961, -11.485649978999959 ], [ -76.154859984999973, -11.485489978999965 ], [ -76.154609984999979, -11.485099978999926 ], [ -76.154529984999954, -11.485079978999977 ], [ -76.154089984999985, -11.485169978999977 ], [ -76.153779984999971, -11.484819978999951 ], [ -76.153559984999958, -11.484669978999932 ], [ -76.153419984999971, -11.484499978999963 ], [ -76.153219984999964, -11.483669978999956 ], [ -76.153189984999983, -11.483379978999949 ], [ -76.153289984999958, -11.483149978999961 ], [ -76.153519984999946, -11.482929978999948 ], [ -76.153539984999952, -11.482779978999929 ], [ -76.153459984999984, -11.482499978999954 ], [ -76.153289984999958, -11.482229978999953 ], [ -76.152759984999989, -11.48182997899994 ], [ -76.152159984999969, -11.481669978999946 ], [ -76.151979984999969, -11.481579978999946 ], [ -76.151659984999981, -11.481319978999977 ], [ -76.151539984999943, -11.481169978999958 ], [ -76.150919984999973, -11.480769978999945 ], [ -76.150489984999979, -11.480269978999956 ], [ -76.150359984999966, -11.479999978999956 ], [ -76.150249984999959, -11.479529978999949 ], [ -76.15018998499994, -11.479439978999949 ], [ -76.149949984999978, -11.479399978999936 ], [ -76.149379984999939, -11.479459978999955 ], [ -76.149229984999977, -11.479419978999942 ], [ -76.148869984999976, -11.479119978999961 ], [ -76.148639984999988, -11.478599978999966 ], [ -76.148379984999963, -11.478179978999947 ], [ -76.148119984999937, -11.478119978999928 ], [ -76.147749984999962, -11.478169978999972 ], [ -76.147609984999974, -11.478129978999959 ], [ -76.146809984999948, -11.477249978999964 ], [ -76.146659984999985, -11.476919978999945 ], [ -76.146569984999985, -11.476269978999937 ], [ -76.146429984999941, -11.476009978999969 ], [ -76.146109984999953, -11.475929978999943 ], [ -76.145679984999958, -11.476029978999975 ], [ -76.145539984999971, -11.475839978999943 ], [ -76.145279984999945, -11.475259978999929 ], [ -76.145119984999951, -11.475069978999954 ], [ -76.143909984999937, -11.474379978999934 ], [ -76.143649984999968, -11.474279978999959 ], [ -76.143309984999973, -11.47421997899994 ], [ -76.143049984999948, -11.474079978999953 ], [ -76.14290998499996, -11.473909978999927 ], [ -76.142609984999979, -11.473749978999933 ], [ -76.141919984999959, -11.473039978999964 ], [ -76.141669984999965, -11.472839978999957 ], [ -76.141369984999983, -11.472669978999932 ], [ -76.140949984999963, -11.472589978999963 ], [ -76.14063998499995, -11.47236997899995 ], [ -76.140479984999956, -11.47218997899995 ], [ -76.139649984999949, -11.471669978999955 ], [ -76.139449984999942, -11.471349978999967 ], [ -76.139249984999935, -11.471189978999973 ], [ -76.138929984999947, -11.471029978999979 ], [ -76.138519984999959, -11.470939978999979 ], [ -76.138179984999965, -11.470539978999966 ], [ -76.138039984999978, -11.470209978999947 ], [ -76.13791998499994, -11.469939978999946 ], [ -76.13738998499997, -11.469159978999926 ], [ -76.136749984999938, -11.468479978999937 ], [ -76.136459984999988, -11.467989978999981 ], [ -76.135979984999949, -11.467369978999955 ], [ -76.135149984999941, -11.466539978999947 ], [ -76.134059984999965, -11.465869978999933 ], [ -76.133309984999983, -11.465219978999926 ], [ -76.13275998499995, -11.464869978999957 ], [ -76.132379984999943, -11.464749978999976 ], [ -76.131259984999986, -11.464659978999975 ], [ -76.130779984999947, -11.464499978999982 ], [ -76.13048998499994, -11.464219978999949 ], [ -76.130441734999977, -11.464152978999948 ], [ -76.13012998499994, -11.463719978999961 ], [ -76.129859984999939, -11.463489978999974 ], [ -76.129669984999964, -11.463379978999967 ], [ -76.129019984999957, -11.463209978999942 ], [ -76.128789984999969, -11.463079978999929 ], [ -76.128609984999969, -11.462889978999954 ], [ -76.128129984999987, -11.462199978999934 ], [ -76.127649984999948, -11.461829978999958 ], [ -76.127409984999986, -11.461749978999933 ], [ -76.126869984999985, -11.461719978999952 ], [ -76.126359984999965, -11.461619978999977 ], [ -76.125279984999963, -11.461119978999932 ], [ -76.125009984999963, -11.460919978999982 ], [ -76.124819984999988, -11.460649978999982 ], [ -76.124109984999961, -11.460159978999968 ], [ -76.123379984999985, -11.459229978999929 ], [ -76.123139984999966, -11.459009978999973 ], [ -76.122959984999966, -11.458919978999972 ], [ -76.122369984999978, -11.458819978999941 ], [ -76.121989984999971, -11.458669978999978 ], [ -76.121349984999938, -11.458499978999953 ], [ -76.120929984999975, -11.45827997899994 ], [ -76.120649984999943, -11.457909978999965 ], [ -76.120489984999949, -11.457459978999964 ], [ -76.11977998499998, -11.457009978999963 ], [ -76.119609984999954, -11.456679978999944 ], [ -76.119149984999979, -11.456179978999955 ], [ -76.118879984999978, -11.455619978999948 ], [ -76.118649984999934, -11.455269978999979 ], [ -76.118019984999989, -11.454749978999928 ], [ -76.117199984999957, -11.454399978999959 ], [ -76.116499984999962, -11.453739978999977 ], [ -76.116409984999962, -11.453469978999976 ], [ -76.116009984999948, -11.453019978999976 ], [ -76.115859984999986, -11.452729978999969 ], [ -76.115799984999967, -11.451929978999942 ], [ -76.115399984999954, -11.450699978999978 ], [ -76.115029984999978, -11.450199978999933 ], [ -76.114779984999984, -11.449589978999938 ], [ -76.114499984999952, -11.449379978999957 ], [ -76.113799984999957, -11.449239978999969 ], [ -76.113179984999988, -11.44881997899995 ], [ -76.112589984999943, -11.448699978999969 ], [ -76.112199984999961, -11.448499978999962 ], [ -76.111159984999972, -11.447429978999935 ], [ -76.110689984999965, -11.446669978999978 ], [ -76.110309984999958, -11.446239978999927 ], [ -76.109959984999989, -11.445379978999938 ], [ -76.10971998499997, -11.44496997899995 ], [ -76.109529984999938, -11.444819978999931 ], [ -76.109009984999943, -11.444509978999974 ], [ -76.108559984999943, -11.44407997899998 ], [ -76.10840998499998, -11.443679978999967 ], [ -76.108279984999967, -11.44287997899994 ], [ -76.108099984999967, -11.442729978999978 ], [ -76.107639984999935, -11.442529978999971 ], [ -76.107489984999972, -11.442099978999977 ], [ -76.107439984999985, -11.441759978999926 ], [ -76.107229984999947, -11.441419978999932 ], [ -76.106729984999959, -11.441309978999982 ], [ -76.106589984999971, -11.44120997899995 ], [ -76.106529984999952, -11.441049978999956 ], [ -76.106509984999946, -11.440669978999949 ], [ -76.106169984999951, -11.439789978999954 ], [ -76.105849984999963, -11.439589978999948 ], [ -76.105589984999938, -11.439339978999953 ], [ -76.105489984999963, -11.439049978999947 ], [ -76.104799984999943, -11.438309978999939 ], [ -76.104719984999974, -11.438039978999939 ], [ -76.104719984999974, -11.437819978999926 ], [ -76.104939984999987, -11.437039978999962 ], [ -76.104839984999956, -11.436719978999975 ], [ -76.104599984999936, -11.436209978999955 ], [ -76.104349984999942, -11.435949978999929 ], [ -76.103899984999941, -11.435709978999967 ], [ -76.103579984999953, -11.435469978999947 ], [ -76.103079984999965, -11.434419978999927 ], [ -76.102949984999952, -11.433449978999931 ], [ -76.102869984999984, -11.43165997899996 ], [ -76.102729984999939, -11.431119978999959 ], [ -76.102509984999983, -11.430839978999927 ], [ -76.10201998499997, -11.430539978999946 ], [ -76.10183998499997, -11.430319978999933 ], [ -76.101519984999982, -11.429309978999981 ], [ -76.10123998499995, -11.428849978999949 ], [ -76.101109984999937, -11.428389978999974 ], [ -76.100989984999956, -11.428189978999967 ], [ -76.100749984999936, -11.427959978999979 ], [ -76.100249984999948, -11.427819978999935 ], [ -76.100059984999973, -11.427729978999935 ], [ -76.099939984999935, -11.427609978999953 ], [ -76.099859984999966, -11.427429978999953 ], [ -76.099359984999978, -11.426689978999946 ], [ -76.098549984999977, -11.425939978999963 ], [ -76.09807998499997, -11.425289978999956 ], [ -76.097639984999944, -11.42484997899993 ], [ -76.097539984999969, -11.424629978999974 ], [ -76.097469984999975, -11.424069978999967 ], [ -76.097289984999975, -11.423649978999947 ], [ -76.097089984999968, -11.423349978999966 ], [ -76.096969984999987, -11.422939978999977 ], [ -76.096959984999955, -11.42246997899997 ], [ -76.097039984999981, -11.422269978999964 ], [ -76.097109984999975, -11.421819978999963 ], [ -76.097039984999981, -11.421249978999981 ], [ -76.096519984999986, -11.420879978999949 ], [ -76.096399984999948, -11.420339978999948 ], [ -76.096289984999942, -11.42010997899996 ], [ -76.09607998499996, -11.419959978999941 ], [ -76.095839984999941, -11.419869978999941 ], [ -76.095559984999966, -11.419539978999978 ], [ -76.095449984999959, -11.419079978999946 ], [ -76.095229984999946, -11.418559978999951 ], [ -76.094639984999958, -11.417669978999982 ], [ -76.09422998499997, -11.41676997899998 ], [ -76.093739984999957, -11.416439978999961 ], [ -76.093369984999981, -11.416109978999941 ], [ -76.092479984999954, -11.414989978999927 ], [ -76.092349984999942, -11.414649978999933 ], [ -76.092159984999967, -11.413529978999975 ], [ -76.092039984999985, -11.413239978999968 ], [ -76.091739984999947, -11.412889978999942 ], [ -76.091589984999985, -11.41213997899996 ], [ -76.091469984999947, -11.411819978999972 ], [ -76.091249984999934, -11.41144997899994 ], [ -76.090839984999946, -11.410999978999939 ], [ -76.090409984999951, -11.410409978999951 ], [ -76.090069984999957, -11.409759978999944 ], [ -76.089899984999988, -11.409209978999968 ], [ -76.089849984999944, -11.408689978999973 ], [ -76.089859984999975, -11.408419978999973 ], [ -76.089969984999982, -11.408029978999934 ], [ -76.090329984999983, -11.407449978999978 ], [ -76.090409984999951, -11.406769978999932 ], [ -76.090249984999957, -11.40634997899997 ], [ -76.089919984999938, -11.405739978999975 ], [ -76.089539984999988, -11.404739978999942 ], [ -76.089479984999969, -11.40407997899996 ], [ -76.089489984999943, -11.403609978999953 ], [ -76.089239984999949, -11.402349978999951 ], [ -76.089109984999936, -11.40216997899995 ], [ -76.088949984999942, -11.40207997899995 ], [ -76.088159984999947, -11.401319978999936 ], [ -76.087479984999959, -11.401229978999936 ], [ -76.087169984999946, -11.401019978999955 ], [ -76.086869984999964, -11.400539978999973 ], [ -76.086399984999957, -11.399559978999946 ], [ -76.086269984999944, -11.399179978999939 ], [ -76.086179984999944, -11.398549978999938 ], [ -76.086229984999989, -11.398119978999944 ], [ -76.08610998499995, -11.395699978999971 ], [ -76.086129984999957, -11.394449978999944 ], [ -76.086089984999944, -11.393629978999968 ], [ -76.085969984999963, -11.393479978999949 ], [ -76.085939984999982, -11.393339978999961 ], [ -76.086219984999957, -11.392209978999972 ], [ -76.086199984999951, -11.391949978999946 ], [ -76.086079984999969, -11.391459978999933 ], [ -76.085539984999969, -11.39016997899995 ], [ -76.085089984999968, -11.389769978999936 ], [ -76.084959984999955, -11.38956997899993 ], [ -76.084849984999948, -11.389019978999954 ], [ -76.084569984999973, -11.388709978999941 ], [ -76.083359984999959, -11.388459978999947 ], [ -76.082399984999938, -11.387959978999959 ], [ -76.082589234999944, -11.388894603999972 ] ] ] ] } },
{ "type": "Feature", "properties": { "UBIGEO": "180106", "CCDD": "18", "CCPP": "01", "CCDI": "06", "DEPARTAMEN": "MOQUEGUA", "PROVINCIA": "MARISCAL NIETO", "DISTRITO": "TORATA", "OBJECTID": 1534.0, "ESRI_OID": 1534.0 }, "geometry": { "type": "MultiPolygon", "coordinates": [ [ [ [ -71.019049980999966, -16.763909983999952 ], [ -71.018284980999965, -16.76530110899995 ], [ -71.018279980999978, -16.765309983999941 ], [ -71.018276105999973, -16.765316858999938 ], [ -71.018257355999935, -16.765336483999931 ], [ -71.016918980999947, -16.766419108999969 ], [ -71.015719980999961, -16.767289983999945 ], [ -71.014679980999972, -16.767869983999958 ], [ -71.013679980999939, -16.768089983999971 ], [ -71.012439980999943, -16.768569983999953 ], [ -71.011389980999979, -16.768879983999966 ], [ -71.009899980999933, -16.769179983999948 ], [ -71.008039980999968, -16.769369983999979 ], [ -71.006049980999933, -16.768899983999972 ], [ -71.005349980999938, -16.768579983999928 ], [ -71.004589980999981, -16.768369983999946 ], [ -71.003849980999973, -16.767869983999958 ], [ -71.003669980999973, -16.767799983999964 ], [ -71.002899980999985, -16.767709983999964 ], [ -71.001949980999939, -16.767819983999971 ], [ -71.001039980999963, -16.767869983999958 ], [ -70.999999980999974, -16.767449983999938 ], [ -70.999169980999966, -16.766909983999938 ], [ -70.998799980999934, -16.766689983999981 ], [ -70.998459980999939, -16.766599983999981 ], [ -70.998189980999939, -16.766469983999968 ], [ -70.997179980999988, -16.766319983999949 ], [ -70.996649980999962, -16.766139983999949 ], [ -70.996299980999936, -16.765849983999942 ], [ -70.996289355999977, -16.765833358999942 ], [ -70.995799980999948, -16.765069983999979 ], [ -70.995309980999934, -16.764659983999934 ], [ -70.994569980999984, -16.764259983999978 ], [ -70.994179980999945, -16.764159983999946 ], [ -70.993729980999944, -16.764129983999965 ], [ -70.993419980999988, -16.764199983999958 ], [ -70.992969980999987, -16.764459983999927 ], [ -70.992629980999936, -16.764799983999978 ], [ -70.992349980999961, -16.765079983999954 ], [ -70.992099980999967, -16.765259983999954 ], [ -70.991779980999979, -16.765389983999967 ], [ -70.991120105999983, -16.765429233999953 ], [ -70.990599980999946, -16.765459983999961 ], [ -70.990089980999983, -16.76536998399996 ], [ -70.989247605999935, -16.76509198399998 ], [ -70.98908998099995, -16.765039983999941 ], [ -70.988769980999962, -16.765019983999935 ], [ -70.988589980999961, -16.765059983999947 ], [ -70.988539980999974, -16.765069983999979 ], [ -70.987445355999967, -16.765789108999968 ], [ -70.986499980999952, -16.766409983999949 ], [ -70.986104980999983, -16.766669983999975 ], [ -70.984599980999974, -16.767659983999977 ], [ -70.984289980999961, -16.767899983999939 ], [ -70.983649980999985, -16.768559983999978 ], [ -70.983309980999934, -16.768819983999947 ], [ -70.982859980999933, -16.768959983999935 ], [ -70.981949980999957, -16.768929983999953 ], [ -70.981149980999987, -16.769289983999954 ], [ -70.980179980999935, -16.769299983999929 ], [ -70.979889980999985, -16.769359983999948 ], [ -70.979449980999959, -16.769679983999936 ], [ -70.97934285599996, -16.769771108999976 ], [ -70.979249980999953, -16.769849983999961 ], [ -70.978549980999958, -16.770449983999981 ], [ -70.978069980999976, -16.770669983999937 ], [ -70.977619980999975, -16.770819983999957 ], [ -70.976769980999961, -16.770939983999938 ], [ -70.975939980999954, -16.770879983999976 ], [ -70.974849980999977, -16.770509983999943 ], [ -70.974159980999957, -16.770349983999949 ], [ -70.973569980999969, -16.77028998399993 ], [ -70.972719980999955, -16.770589983999969 ], [ -70.97252998099998, -16.77070998399995 ], [ -70.972099980999985, -16.77112998399997 ], [ -70.971669980999934, -16.772459983999966 ], [ -70.971519980999972, -16.773279983999942 ], [ -70.971389980999959, -16.773619983999936 ], [ -70.971119980999958, -16.773749983999949 ], [ -70.970559980999951, -16.774119983999981 ], [ -70.970339980999938, -16.774159983999937 ], [ -70.969939980999982, -16.774389983999981 ], [ -70.968879980999986, -16.774779983999963 ], [ -70.968459980999967, -16.775009983999951 ], [ -70.968219980999947, -16.775289983999983 ], [ -70.967919980999966, -16.775819983999952 ], [ -70.96747998099994, -16.776259983999978 ], [ -70.967229980999946, -16.776439983999978 ], [ -70.966789980999977, -16.777169983999954 ], [ -70.966439980999951, -16.777439983999955 ], [ -70.966249980999976, -16.777529983999955 ], [ -70.965689980999969, -16.777659983999968 ], [ -70.963859980999985, -16.777669983999942 ], [ -70.963419980999959, -16.777619983999955 ], [ -70.962939980999977, -16.777679983999974 ], [ -70.961539980999987, -16.777529983999955 ], [ -70.960989980999955, -16.777649983999936 ], [ -70.960639980999986, -16.777879983999981 ], [ -70.960279980999985, -16.778019983999968 ], [ -70.95977998099994, -16.778069983999956 ], [ -70.959299980999958, -16.778179983999962 ], [ -70.959259980999946, -16.778169983999931 ], [ -70.959169980999945, -16.778159983999956 ], [ -70.95879998099997, -16.777959983999949 ], [ -70.958079980999969, -16.777849983999943 ], [ -70.957779980999987, -16.777839983999968 ], [ -70.956969980999986, -16.77798998399993 ], [ -70.956179980999934, -16.778209983999943 ], [ -70.95574998099994, -16.778269983999962 ], [ -70.955329980999977, -16.778159983999956 ], [ -70.954359980999982, -16.777499983999974 ], [ -70.953709980999975, -16.776349983999978 ], [ -70.952809980999973, -16.775369983999951 ], [ -70.952269980999972, -16.775039983999932 ], [ -70.951959980999959, -16.774789983999938 ], [ -70.951499980999984, -16.774609983999937 ], [ -70.949729355999978, -16.77422785899995 ], [ -70.948209980999934, -16.773899983999968 ], [ -70.947329980999939, -16.77366998399998 ], [ -70.946909980999976, -16.77348998399998 ], [ -70.946439980999969, -16.773289983999973 ], [ -70.946249980999937, -16.773119983999948 ], [ -70.946152480999956, -16.772995733999949 ], [ -70.945739980999974, -16.77246998399994 ], [ -70.945449980999967, -16.772389983999972 ], [ -70.945259980999936, -16.772389983999972 ], [ -70.944909980999967, -16.77255998399994 ], [ -70.943789980999952, -16.773319983999954 ], [ -70.943159980999951, -16.773609983999961 ], [ -70.942279980999956, -16.773799983999936 ], [ -70.941358105999939, -16.774362108999981 ], [ -70.939950855999939, -16.774482608999961 ], [ -70.937458230999937, -16.774000233999971 ], [ -70.934402730999977, -16.773839358999965 ], [ -70.931548230999965, -16.773678608999944 ], [ -70.930382230999953, -16.773960108999972 ], [ -70.92971548099996, -16.774199358999965 ], [ -70.928719730999944, -16.774541233999969 ], [ -70.927634855999941, -16.774764108999932 ], [ -70.926460855999949, -16.775209983999957 ], [ -70.92543535599998, -16.775685358999965 ], [ -70.924305980999975, -16.776279983999927 ], [ -70.922998105999966, -16.776844733999951 ], [ -70.922165855999936, -16.777364858999931 ], [ -70.921185105999939, -16.77776610899997 ], [ -70.920441980999954, -16.778003858999966 ], [ -70.919269980999957, -16.77807998399993 ], [ -70.918359980999981, -16.778039983999975 ], [ -70.917779980999967, -16.777829983999936 ], [ -70.917259980999972, -16.777559983999936 ], [ -70.916679980999959, -16.777159983999979 ], [ -70.916229980999958, -16.776759983999966 ], [ -70.915539980999938, -16.775889983999946 ], [ -70.914989980999962, -16.775549983999952 ], [ -70.914479980999943, -16.775129983999932 ], [ -70.91396998099998, -16.774869983999963 ], [ -70.91327998099996, -16.774749983999982 ], [ -70.912069980999945, -16.774799983999969 ], [ -70.911779980999938, -16.774879983999938 ], [ -70.911499980999963, -16.775039983999932 ], [ -70.911019980999981, -16.77542998399997 ], [ -70.910849980999956, -16.775729983999952 ], [ -70.910169980999967, -16.776549983999928 ], [ -70.909829980999973, -16.776879983999947 ], [ -70.909599980999985, -16.77700998399996 ], [ -70.909169980999934, -16.777029983999967 ], [ -70.908049980999976, -16.77664998399996 ], [ -70.905809980999948, -16.776669983999966 ], [ -70.905239980999966, -16.776879983999947 ], [ -70.904749980999952, -16.777299983999967 ], [ -70.904369980999945, -16.777509983999948 ], [ -70.903899980999938, -16.777589983999974 ], [ -70.903029980999975, -16.777579983999942 ], [ -70.90210710599996, -16.777673233999963 ], [ -70.902079980999986, -16.77798998399993 ], [ -70.902077980999934, -16.777996483999971 ], [ -70.90207735599995, -16.777998108999952 ], [ -70.902075980999939, -16.778002608999941 ], [ -70.902059855999937, -16.778051608999931 ], [ -70.902046605999942, -16.77809235899997 ], [ -70.90190998099996, -16.778509983999982 ], [ -70.901959980999948, -16.77900998399997 ], [ -70.902139980999948, -16.779339983999932 ], [ -70.902196480999976, -16.779443608999941 ], [ -70.902439980999986, -16.779889983999965 ], [ -70.902929980999943, -16.78094998399996 ], [ -70.903209980999975, -16.781689983999968 ], [ -70.903439980999963, -16.782029983999962 ], [ -70.90399998099997, -16.782669983999938 ], [ -70.904219980999983, -16.783109983999964 ], [ -70.904659980999952, -16.784209983999972 ], [ -70.905219980999959, -16.784959983999954 ], [ -70.905329980999966, -16.785299983999948 ], [ -70.905459980999979, -16.786869983999964 ], [ -70.905429980999941, -16.787199983999926 ], [ -70.905299980999985, -16.787539983999977 ], [ -70.90497998099994, -16.787899983999978 ], [ -70.904579980999983, -16.788219983999966 ], [ -70.904289980999977, -16.788629983999954 ], [ -70.904099980999945, -16.789179983999929 ], [ -70.903969980999989, -16.789909983999962 ], [ -70.903979980999964, -16.790259983999931 ], [ -70.904129980999983, -16.790959983999926 ], [ -70.90417998099997, -16.791529983999965 ], [ -70.904079980999938, -16.79347998399993 ], [ -70.90408998099997, -16.794249983999975 ], [ -70.904209980999951, -16.79503998399997 ], [ -70.904449980999971, -16.796009983999966 ], [ -70.904719980999971, -16.797439983999936 ], [ -70.904739980999977, -16.798429983999938 ], [ -70.904629980999971, -16.799039983999933 ], [ -70.903929980999976, -16.80106998399998 ], [ -70.903755855999975, -16.801857358999939 ], [ -70.903731605999951, -16.803230983999981 ], [ -70.903887105999956, -16.804417483999941 ], [ -70.904197855999939, -16.805717233999928 ], [ -70.904692230999956, -16.807398233999947 ], [ -70.904988980999974, -16.808302358999981 ], [ -70.905087855999966, -16.808895608999933 ], [ -70.904819355999962, -16.809658483999954 ], [ -70.904409730999987, -16.810491983999952 ], [ -70.904310355999939, -16.810744358999955 ], [ -70.904137730999935, -16.81118185899993 ], [ -70.903830605999985, -16.811961108999981 ], [ -70.903434980999975, -16.812836983999944 ], [ -70.902714605999961, -16.81372698399997 ], [ -70.901871105999987, -16.814853483999968 ], [ -70.900256355999943, -16.815732983999965 ], [ -70.898631980999937, -16.816396858999951 ], [ -70.898335480999947, -16.81652298399996 ], [ -70.897402980999971, -16.816919608999967 ], [ -70.89615985599994, -16.817569358999947 ], [ -70.893669855999974, -16.818847608999931 ], [ -70.889083980999942, -16.821404358999928 ], [ -70.88637498099996, -16.82167385899993 ], [ -70.882203105999963, -16.823552733999975 ], [ -70.879921855999953, -16.82533798399993 ], [ -70.876908230999959, -16.827023483999938 ], [ -70.872642605999943, -16.830066358999943 ], [ -70.870124980999947, -16.830863233999935 ], [ -70.86531060599998, -16.834749983999927 ], [ -70.858306605999985, -16.839181483999937 ], [ -70.85545310599997, -16.843318358999966 ], [ -70.84964060599998, -16.846509733999937 ], [ -70.848999980999963, -16.84722848399997 ], [ -70.848007855999981, -16.849160108999968 ], [ -70.845253855999943, -16.851435608999964 ], [ -70.843201230999966, -16.854642608999939 ], [ -70.840499980999937, -16.857166108999934 ], [ -70.840164104999985, -16.859285108999927 ], [ -70.83921872999997, -16.86106048399995 ], [ -70.835365229999979, -16.864101608999931 ], [ -70.833771479999939, -16.865720733999979 ], [ -70.833333979999964, -16.86663085899994 ], [ -70.833212854999942, -16.86939448399994 ], [ -70.83255072999998, -16.87025585899994 ], [ -70.831351604999952, -16.87101948399993 ], [ -70.828605479999965, -16.871531233999974 ], [ -70.827605479999988, -16.871997983999961 ], [ -70.824578104999944, -16.872447233999935 ], [ -70.822021479999933, -16.873548858999982 ], [ -70.820525354999972, -16.874570358999961 ], [ -70.817482479999967, -16.874222608999958 ], [ -70.815878854999937, -16.874671858999932 ], [ -70.810417854999969, -16.874691358999939 ], [ -70.809470729999987, -16.874861358999965 ], [ -70.809331229999941, -16.874927358999969 ], [ -70.808118229999934, -16.875156733999972 ], [ -70.80570672999994, -16.875298608999969 ], [ -70.804004354999961, -16.874825733999955 ], [ -70.803088979999984, -16.874176108999961 ], [ -70.802538604999938, -16.873785483999939 ], [ -70.801167354999961, -16.872981608999964 ], [ -70.799039479999976, -16.872130483999968 ], [ -70.797479104999979, -16.870664733999945 ], [ -70.79468922999996, -16.869104233999963 ], [ -70.793412479999972, -16.869009733999974 ], [ -70.792812604999938, -16.869527733999973 ], [ -70.792372229999955, -16.869908108999937 ], [ -70.791521104999958, -16.870948358999954 ], [ -70.790859229999967, -16.872225108999942 ], [ -70.789408604999949, -16.873049733999949 ], [ -70.789011604999985, -16.873275358999933 ], [ -70.78650947999995, -16.87310548399995 ], [ -70.785751854999944, -16.873080108999943 ], [ -70.784475604999955, -16.872981608999964 ], [ -70.782300479999947, -16.872272358999965 ], [ -70.778754104999962, -16.871610483999973 ], [ -70.774635479999972, -16.871338983999976 ], [ -70.772275979999961, -16.86995535899996 ], [ -70.771365104999973, -16.869214233999969 ], [ -70.769486229999984, -16.867685733999963 ], [ -70.766554479999968, -16.865368733999958 ], [ -70.765419479999935, -16.863808358999961 ], [ -70.764001104999977, -16.861869608999939 ], [ -70.76296085499996, -16.860640233999959 ], [ -70.762627229999964, -16.860430233999978 ], [ -70.761684104999972, -16.859836358999928 ], [ -70.760469979999982, -16.85926298399994 ], [ -70.759981854999978, -16.859032483999954 ], [ -70.758705104999933, -16.858124983999971 ], [ -70.758137729999987, -16.857802983999932 ], [ -70.756954854999947, -16.857000608999954 ], [ -70.755798854999966, -16.855591733999972 ], [ -70.75407110499998, -16.854114858999935 ], [ -70.75227435499994, -16.852932733999978 ], [ -70.751542854999968, -16.852762608999967 ], [ -70.750241104999986, -16.852459858999964 ], [ -70.749011604999964, -16.852317983999967 ], [ -70.747072979999984, -16.852081608999981 ], [ -70.74366847999994, -16.851845108999953 ], [ -70.740121854999984, -16.851939733999927 ], [ -70.73850235499998, -16.851453858999946 ], [ -70.738230604999956, -16.851372233999939 ], [ -70.736622979999936, -16.850426608999953 ], [ -70.734400479999977, -16.850284733999956 ], [ -70.731988979999983, -16.850473858999976 ], [ -70.729628854999987, -16.851400358999967 ], [ -70.723144479999974, -16.856921858999954 ], [ -70.718589854999948, -16.859519358999933 ], [ -70.717472354999984, -16.860592858999951 ], [ -70.716187479999974, -16.862292983999964 ], [ -70.716033104999951, -16.863130608999938 ], [ -70.715864729999964, -16.864044733999947 ], [ -70.715770104999933, -16.865983483999969 ], [ -70.716006604999961, -16.86976623399994 ], [ -70.71681035499995, -16.872414233999962 ], [ -70.716762604999985, -16.872939358999929 ], [ -70.716715854999961, -16.873454483999978 ], [ -70.714966354999945, -16.875771483999927 ], [ -70.712270979999971, -16.877568358999952 ], [ -70.70912885499996, -16.879167983999935 ], [ -70.706454979999933, -16.879506983999931 ], [ -70.70215197999994, -16.87955435899994 ], [ -70.699671604999935, -16.87955435899994 ], [ -70.698321854999961, -16.87955435899994 ], [ -70.697299854999983, -16.879456983999944 ], [ -70.696335854999973, -16.879365108999934 ], [ -70.694775479999976, -16.878703233999943 ], [ -70.691891104999968, -16.878419483999949 ], [ -70.689201104999938, -16.878210983999963 ], [ -70.687020729999972, -16.877710233999949 ], [ -70.686787979999963, -16.877687358999935 ], [ -70.685596979999957, -16.877570608999974 ], [ -70.684609104999936, -16.877473733999977 ], [ -70.680939354999964, -16.877689608999958 ], [ -70.676849604999973, -16.878578108999932 ], [ -70.674339854999971, -16.878439483999955 ], [ -70.67174622999994, -16.878997983999966 ], [ -70.67035747999995, -16.879000108999946 ], [ -70.668223104999981, -16.879681858999959 ], [ -70.665265729999987, -16.880113108999979 ], [ -70.662924604999944, -16.880051483999978 ], [ -70.661076229999935, -16.880174733999979 ], [ -70.658858229999964, -16.880636858999935 ], [ -70.657626104999963, -16.880605983999942 ], [ -70.656462854999972, -16.880605983999942 ], [ -70.655531229999951, -16.880605983999942 ], [ -70.654052604999947, -16.880482858999926 ], [ -70.653351354999984, -16.88039135899993 ], [ -70.653117604999977, -16.88036085899995 ], [ -70.651218479999955, -16.880113108999979 ], [ -70.649400979999939, -16.879558608999957 ], [ -70.64730622999997, -16.878880858999935 ], [ -70.645974604999935, -16.87830460899994 ], [ -70.644985229999975, -16.877900483999952 ], [ -70.644595354999979, -16.877741108999942 ], [ -70.642962729999965, -16.877001733999975 ], [ -70.641556604999948, -16.87584585899998 ], [ -70.638847604999967, -16.873130858999957 ], [ -70.637031354999976, -16.872402358999977 ], [ -70.635505854999963, -16.872333983999965 ], [ -70.632689854999967, -16.872697983999956 ], [ -70.631224104999944, -16.872934358999942 ], [ -70.628528854999956, -16.872792483999945 ], [ -70.626637354999957, -16.872035983999979 ], [ -70.625738979999937, -16.871563108999965 ], [ -70.624982354999986, -16.871705108999947 ], [ -70.623894854999946, -16.872508858999936 ], [ -70.621577854999941, -16.87492035899993 ], [ -70.619828354999981, -16.87714273399996 ], [ -70.616763354999989, -16.879948733999981 ], [ -70.61647110499996, -16.880216358999974 ], [ -70.615540354999951, -16.881022983999969 ], [ -70.615052479999974, -16.881445733999954 ], [ -70.61387035499996, -16.882864233999953 ], [ -70.61131697999997, -16.885370233999936 ], [ -70.609425604999956, -16.887592858999938 ], [ -70.607912479999982, -16.888065608999966 ], [ -70.60578460499994, -16.888680358999977 ], [ -70.604173854999942, -16.889896483999962 ], [ -70.601056104999941, -16.892084858999965 ], [ -70.599590229999933, -16.892888733999939 ], [ -70.597131354999988, -16.895725858999981 ], [ -70.59353772999998, -16.898704858999963 ], [ -70.591488229999982, -16.899624983999956 ], [ -70.590511479999975, -16.899934233999943 ], [ -70.588767729999972, -16.901744108999935 ], [ -70.58759372999998, -16.903318483999954 ], [ -70.587021479999976, -16.90525785899996 ], [ -70.584648479999942, -16.907708983999953 ], [ -70.582962854999948, -16.910552733999964 ], [ -70.581466854999974, -16.911955108999962 ], [ -70.58018560499994, -16.913554733999945 ], [ -70.578828104999957, -16.916655358999947 ], [ -70.578737479999972, -16.916862358999936 ], [ -70.578028104999987, -16.918611983999938 ], [ -70.577511104999985, -16.919892358999959 ], [ -70.577035104999936, -16.921070733999954 ], [ -70.576325854999936, -16.921685483999966 ], [ -70.575720729999944, -16.921839858999931 ], [ -70.575297854999974, -16.921895108999934 ], [ -70.574656104999974, -16.921979108999949 ], [ -70.574008854999988, -16.922063733999948 ], [ -70.572259354999971, -16.921827358999963 ], [ -70.571094479999942, -16.921678608999969 ], [ -70.570036854999955, -16.921543608999968 ], [ -70.56819285499995, -16.921638233999943 ], [ -70.566963354999984, -16.921401733999971 ], [ -70.564882854999951, -16.920125108999969 ], [ -70.562660479999977, -16.919652233999955 ], [ -70.56201660499994, -16.919699858999934 ], [ -70.561383729999989, -16.919746733999943 ], [ -70.560816354999986, -16.919179358999941 ], [ -70.56089060499994, -16.918078108999964 ], [ -70.561761979999972, -16.916767858999947 ], [ -70.562991479999937, -16.915160108999942 ], [ -70.56308585499994, -16.912559483999928 ], [ -70.562929979999979, -16.911506108999959 ], [ -70.562707729999943, -16.910005983999952 ], [ -70.56180935499998, -16.908823858999938 ], [ -70.560939479999945, -16.908376983999972 ], [ -70.560582729999965, -16.908038483999974 ], [ -70.558998104999944, -16.906535108999947 ], [ -70.55780072999994, -16.905917983999927 ], [ -70.555335854999953, -16.905247983999971 ], [ -70.553855479999982, -16.904218733999926 ], [ -70.553353479999942, -16.902972483999974 ], [ -70.553314479999983, -16.90053710899997 ], [ -70.553101604999938, -16.899662108999962 ], [ -70.548919979999937, -16.897736358999964 ], [ -70.547287104999953, -16.896247983999956 ], [ -70.546755854999958, -16.896070358999964 ], [ -70.545998104999967, -16.896634733999974 ], [ -70.54515822999997, -16.896736358999931 ], [ -70.542359354999974, -16.898224608999953 ], [ -70.54177935499996, -16.898806608999962 ], [ -70.541412229999935, -16.899818233999952 ], [ -70.540419979999967, -16.90097660899994 ], [ -70.539451229999941, -16.901425733999929 ], [ -70.537093729999981, -16.901855483999952 ], [ -70.535325479999983, -16.903658983999946 ], [ -70.534307104999982, -16.905421608999973 ], [ -70.532779479999988, -16.908124233999956 ], [ -70.532035354999948, -16.909847733999982 ], [ -70.531056104999948, -16.91603648399996 ], [ -70.531016854999962, -16.917994858999975 ], [ -70.530939479999972, -16.921429733999958 ], [ -70.530899354999974, -16.923204358999953 ], [ -70.529410979999966, -16.927591358999962 ], [ -70.527217479999933, -16.930176483999958 ], [ -70.526683104999961, -16.930909608999968 ], [ -70.526433604999966, -16.931251983999971 ], [ -70.526219979999951, -16.931979983999952 ], [ -70.526089979999938, -16.932509983999978 ], [ -70.526052229999948, -16.932597233999957 ], [ -70.525845104999974, -16.933075233999944 ], [ -70.525699979999956, -16.933409983999979 ], [ -70.525559979999969, -16.934069983999962 ], [ -70.525529979999988, -16.93456998399995 ], [ -70.525599979999981, -16.934849983999982 ], [ -70.525919979999969, -16.935459983999976 ], [ -70.526389979999976, -16.936099983999952 ], [ -70.525599979999981, -16.935749983999926 ], [ -70.524719979999986, -16.935679983999933 ], [ -70.524319979999973, -16.935589983999932 ], [ -70.523809979999953, -16.935249983999938 ], [ -70.523249979999946, -16.934719983999969 ], [ -70.522879979999971, -16.934589983999956 ], [ -70.522479979999957, -16.934589983999956 ], [ -70.522039979999988, -16.93465998399995 ], [ -70.521079979999968, -16.935039983999957 ], [ -70.519969979999985, -16.935299983999982 ], [ -70.519369979999965, -16.935109983999951 ], [ -70.517819979999956, -16.935189983999976 ], [ -70.516949979999936, -16.935599983999964 ], [ -70.51588997999994, -16.935829983999952 ], [ -70.514779979999958, -16.935819983999977 ], [ -70.513929979999943, -16.935719983999945 ], [ -70.513609979999956, -16.935589983999932 ], [ -70.512699979999979, -16.935099983999976 ], [ -70.512209979999966, -16.935029983999982 ], [ -70.511889979999978, -16.935099983999976 ], [ -70.511369979999984, -16.935209983999982 ], [ -70.511329979999971, -16.935229983999932 ], [ -70.508369979999941, -16.936499983999965 ], [ -70.507859979999978, -16.936609983999972 ], [ -70.506536104999952, -16.936561108999967 ], [ -70.504419979999966, -16.936378358999946 ], [ -70.502774104999958, -16.93591910899994 ], [ -70.500668979999944, -16.934120233999977 ], [ -70.496994604999941, -16.930828608999946 ], [ -70.494902854999964, -16.929863233999981 ], [ -70.490946854999947, -16.929353983999931 ], [ -70.487617479999983, -16.929197358999943 ], [ -70.482525479999936, -16.927983108999967 ], [ -70.480527979999977, -16.926768858999935 ], [ -70.479072229999986, -16.926564483999982 ], [ -70.476126979999947, -16.926480483999967 ], [ -70.472007854999958, -16.925316358999964 ], [ -70.468796854999937, -16.924800733999973 ], [ -70.46536935499995, -16.924026983999966 ], [ -70.463598604999959, -16.923370108999961 ], [ -70.462940854999943, -16.923126108999952 ], [ -70.462014729999964, -16.922674358999927 ], [ -70.461334979999947, -16.922342733999926 ], [ -70.460212604999981, -16.922178483999971 ], [ -70.459191354999973, -16.922738233999951 ], [ -70.458162229999971, -16.922930233999978 ], [ -70.456947979999939, -16.923321983999926 ], [ -70.456125354999983, -16.923909483999978 ], [ -70.454284479999956, -16.927160483999955 ], [ -70.453422729999943, -16.928570608999962 ], [ -70.453657604999933, -16.929745733999937 ], [ -70.454275354999936, -16.931151233999969 ], [ -70.454793604999963, -16.932330733999947 ], [ -70.455732479999938, -16.933259733999932 ], [ -70.456830479999951, -16.933545108999965 ], [ -70.457328979999943, -16.933515608999926 ], [ -70.458828104999952, -16.933427608999978 ], [ -70.45992485499994, -16.93374098399994 ], [ -70.460822229999962, -16.934474608999949 ], [ -70.461021479999943, -16.936365233999936 ], [ -70.461961604999942, -16.938010358999975 ], [ -70.462649479999982, -16.939049858999965 ], [ -70.463724229999968, -16.940673858999958 ], [ -70.464742604999969, -16.94235810899994 ], [ -70.465016854999988, -16.944434108999928 ], [ -70.464722604999963, -16.945683608999957 ], [ -70.462066354999934, -16.948474608999959 ], [ -70.455558604999965, -16.954226608999932 ], [ -70.454665979999959, -16.954517608999936 ], [ -70.45031060499997, -16.958070358999976 ], [ -70.447662104999949, -16.959539108999934 ], [ -70.445761729999958, -16.960146483999949 ], [ -70.444503854999937, -16.960988233999956 ], [ -70.443474604999949, -16.96205273399994 ], [ -70.443199229999948, -16.964277358999936 ], [ -70.444755854999983, -16.967304733999981 ], [ -70.445007854999972, -16.971445358999972 ], [ -70.445435604999943, -16.972865233999983 ], [ -70.445999979999954, -16.973931608999976 ], [ -70.448865229999967, -16.977142608999941 ], [ -70.449646479999956, -16.978638733999958 ], [ -70.449990104999983, -16.982581983999978 ], [ -70.450447229999952, -16.983976608999967 ], [ -70.452027354999984, -16.986400358999958 ], [ -70.45607810499996, -16.991378858999951 ], [ -70.457802729999969, -16.992972608999935 ], [ -70.45932810499994, -16.994863233999979 ], [ -70.460816354999963, -16.997119108999982 ], [ -70.460785104999957, -16.997880858999963 ], [ -70.461205354999947, -16.998257483999964 ], [ -70.461313729999972, -16.998880858999939 ], [ -70.461283229999935, -16.999137108999946 ], [ -70.461178229999973, -17.000018983999951 ], [ -70.461367979999977, -17.001346983999952 ], [ -70.46158472999997, -17.002458108999974 ], [ -70.462343604999944, -17.003081358999964 ], [ -70.462837229999934, -17.003442108999934 ], [ -70.46304822999997, -17.003596233999929 ], [ -70.463158479999947, -17.004367483999943 ], [ -70.463183729999969, -17.00557460899995 ], [ -70.463075229999959, -17.007200608999938 ], [ -70.463237854999988, -17.008609733999947 ], [ -70.462560354999937, -17.01094035899996 ], [ -70.461909979999973, -17.012647733999927 ], [ -70.460554979999984, -17.014165358999946 ], [ -70.45957935499996, -17.014951233999966 ], [ -70.457655229999943, -17.015845483999954 ], [ -70.45627310499998, -17.016441733999955 ], [ -70.454972354999938, -17.016739858999927 ], [ -70.453752854999948, -17.017308983999953 ], [ -70.453237979999983, -17.01795948399996 ], [ -70.453156604999947, -17.01923310899997 ], [ -70.453292104999946, -17.020262858999956 ], [ -70.453698604999943, -17.02259348399997 ], [ -70.453406979999954, -17.023857233999934 ], [ -70.453373479999982, -17.024002733999964 ], [ -70.453085979999969, -17.024203108999927 ], [ -70.451956979999977, -17.024406108999926 ], [ -70.451210979999985, -17.024808608999933 ], [ -70.449814479999986, -17.026173858999982 ], [ -70.449236354999982, -17.027480483999966 ], [ -70.44882060499998, -17.028419983999981 ], [ -70.448251479999954, -17.029829233999976 ], [ -70.448224354999979, -17.030560983999976 ], [ -70.448224354999979, -17.031644983999968 ], [ -70.448224354999979, -17.034409108999967 ], [ -70.447682229999941, -17.036143608999964 ], [ -70.445968729999947, -17.038925734999964 ], [ -70.445540979999976, -17.041003859999933 ], [ -70.444724729999962, -17.042568359999962 ], [ -70.444083854999974, -17.045626984999956 ], [ -70.442414104999955, -17.047636734999969 ], [ -70.441530604999969, -17.048663859999976 ], [ -70.439877604999936, -17.049585234999938 ], [ -70.439201229999981, -17.050363234999963 ], [ -70.439331979999963, -17.051470734999953 ], [ -70.43973635499998, -17.052115234999974 ], [ -70.442542979999985, -17.054747984999949 ], [ -70.443644479999989, -17.055736984999953 ], [ -70.444240729999933, -17.056848109999976 ], [ -70.444527604999962, -17.057740734999982 ], [ -70.444728479999981, -17.058365609999953 ], [ -70.445514354999943, -17.061021484999969 ], [ -70.446354479999968, -17.062674609999931 ], [ -70.446327354999937, -17.063704359999974 ], [ -70.446218854999984, -17.065899484999932 ], [ -70.446029229999965, -17.068175984999982 ], [ -70.446257854999942, -17.069316359999959 ], [ -70.446601604999955, -17.069972609999979 ], [ -70.447958854999968, -17.071400359999927 ], [ -70.448249979999957, -17.072083984999949 ], [ -70.448287604999962, -17.072486609999942 ], [ -70.448603854999988, -17.075059359999955 ], [ -70.448685104999981, -17.076576984999974 ], [ -70.448712229999956, -17.077796484999965 ], [ -70.448363104999942, -17.078771484999947 ], [ -70.448332854999933, -17.079828984999949 ], [ -70.448739354999987, -17.080669109999974 ], [ -70.449579354999969, -17.081292359999964 ], [ -70.450554979999936, -17.08178023499994 ], [ -70.451909979999982, -17.082484859999965 ], [ -70.452966979999985, -17.083053984999935 ], [ -70.454294854999944, -17.083053984999935 ], [ -70.454782229999978, -17.082959359999961 ], [ -70.45611047999995, -17.082701609999958 ], [ -70.457221604999972, -17.082403484999929 ], [ -70.458712229999946, -17.081807359999971 ], [ -70.460554979999984, -17.081834484999945 ], [ -70.462208104999945, -17.081915734999939 ], [ -70.463942479999957, -17.082566109999959 ], [ -70.465216229999953, -17.083324984999933 ], [ -70.465703979999944, -17.083975359999954 ], [ -70.466327354999976, -17.085438734999968 ], [ -70.46714035499997, -17.086766484999941 ], [ -70.468224354999961, -17.087525484999958 ], [ -70.469335479999984, -17.087389984999959 ], [ -70.470961354999986, -17.086414359999935 ], [ -70.472966854999981, -17.085682609999935 ], [ -70.474999354999966, -17.08516773499997 ], [ -70.478278479999972, -17.084598609999944 ], [ -70.479985729999953, -17.084408984999982 ], [ -70.481096854999976, -17.084923859999947 ], [ -70.481801479999945, -17.085655484999961 ], [ -70.482858354999962, -17.086116234999963 ], [ -70.48464697999998, -17.086793734999958 ], [ -70.487546729999963, -17.087444109999979 ], [ -70.489606354999978, -17.088446859999976 ], [ -70.491313604999959, -17.090208484999948 ], [ -70.491855604999955, -17.091373734999934 ], [ -70.491936979999934, -17.092267984999978 ], [ -70.491936979999934, -17.09465285999994 ], [ -70.492722854999954, -17.097742234999942 ], [ -70.493400354999949, -17.09939535999996 ], [ -70.494348854999942, -17.100370984999927 ], [ -70.494972604999987, -17.101359359999947 ], [ -70.494890854999937, -17.101942734999966 ], [ -70.494132104999949, -17.102972484999952 ], [ -70.494050729999969, -17.10538435999996 ], [ -70.49448435499994, -17.107877734999931 ], [ -70.495134729999961, -17.110343734999958 ], [ -70.497411104999969, -17.113595859999975 ], [ -70.498071229999937, -17.11453873499994 ], [ -70.499496104999935, -17.116574234999973 ], [ -70.502044979999937, -17.118835984999976 ], [ -70.502505979999967, -17.11947648499995 ], [ -70.503833979999968, -17.122538984999949 ], [ -70.50478247999996, -17.12568248499997 ], [ -70.50556835499998, -17.127091734999965 ], [ -70.507453104999968, -17.131703234999975 ], [ -70.50923247999998, -17.133861359999969 ], [ -70.510414104999938, -17.135865234999926 ], [ -70.513419979999981, -17.138654359999975 ], [ -70.514076229999944, -17.139865234999945 ], [ -70.516869104999955, -17.142859359999932 ], [ -70.517943354999943, -17.146269484999948 ], [ -70.518884854999953, -17.15146873499998 ], [ -70.519443604999935, -17.152945234999947 ], [ -70.520310854999934, -17.154950609999958 ], [ -70.521140604999971, -17.158234359999938 ], [ -70.522820354999965, -17.160470734999933 ], [ -70.526259354999979, -17.166161984999974 ], [ -70.527798604999987, -17.168308359999969 ], [ -70.530161729999975, -17.170411359999946 ], [ -70.532611604999943, -17.171885609999947 ], [ -70.535355479999964, -17.172749984999939 ], [ -70.536343729999942, -17.173408234999954 ], [ -70.536947604999966, -17.17396685999995 ], [ -70.538139979999983, -17.175072609999972 ], [ -70.539375729999961, -17.176763609999966 ], [ -70.540741604999937, -17.178194484999949 ], [ -70.541522104999956, -17.179148359999942 ], [ -70.542541104999941, -17.180188984999972 ], [ -70.544044979999967, -17.18153910999996 ], [ -70.546027354999978, -17.18369335999995 ], [ -70.547180604999937, -17.184351609999965 ], [ -70.549045104999948, -17.185262234999982 ], [ -70.549849104999964, -17.185673109999982 ], [ -70.550020729999972, -17.185760859999959 ], [ -70.550541104999979, -17.186693109999965 ], [ -70.550757854999972, -17.187993859999949 ], [ -70.55088797999997, -17.189294734999976 ], [ -70.551148104999982, -17.190313609999976 ], [ -70.551690104999977, -17.191722734999928 ], [ -70.552253854999947, -17.193005859999971 ], [ -70.553251104999958, -17.195104984999944 ], [ -70.554183354999964, -17.196470859999977 ], [ -70.555050479999977, -17.197663234999936 ], [ -70.556329604999974, -17.197879984999929 ], [ -70.557388729999957, -17.19756448499993 ], [ -70.560851604999982, -17.196040984999968 ], [ -70.564828229999932, -17.194888109999965 ], [ -70.565977354999973, -17.194432859999949 ], [ -70.567841729999941, -17.194367859999943 ], [ -70.569105479999962, -17.194603484999959 ], [ -70.572507854999969, -17.19410935999997 ], [ -70.573998979999942, -17.193717484999979 ], [ -70.575810854999986, -17.193687609999927 ], [ -70.579152979999947, -17.193130609999969 ], [ -70.582331229999966, -17.192278734999945 ], [ -70.582833854999933, -17.192047484999932 ], [ -70.583969604999936, -17.19152510999993 ], [ -70.585706104999986, -17.190116109999963 ], [ -70.587311604999968, -17.188019109999971 ], [ -70.589080979999949, -17.186872359999938 ], [ -70.592717979999975, -17.186118859999965 ], [ -70.595797979999986, -17.185496109999974 ], [ -70.598992229999965, -17.184669859999929 ], [ -70.600882854999952, -17.184511734999944 ], [ -70.602027354999962, -17.184181609999939 ], [ -70.604559354999935, -17.184256109999978 ], [ -70.605037854999978, -17.184087234999936 ], [ -70.605660479999983, -17.18356298499998 ], [ -70.606839979999961, -17.181662609999933 ], [ -70.608150604999935, -17.180908984999974 ], [ -70.60939572999996, -17.180810734999966 ], [ -70.610902979999935, -17.180908984999974 ], [ -70.612410229999966, -17.181039984999927 ], [ -70.615326354999979, -17.180843484999968 ], [ -70.61716110499998, -17.180351984999959 ], [ -70.619127229999947, -17.179827734999947 ], [ -70.620372229999987, -17.179401734999942 ], [ -70.621879479999961, -17.17848435999997 ], [ -70.62325560499994, -17.177894484999968 ], [ -70.624762854999972, -17.177730734999955 ], [ -70.626335604999952, -17.177960109999958 ], [ -70.628956854999956, -17.178025609999963 ], [ -70.631545354999957, -17.177370234999955 ], [ -70.634658104999971, -17.176387359999978 ], [ -70.638950479999949, -17.17510948499995 ], [ -70.642489104999981, -17.174257484999941 ], [ -70.644422354999961, -17.174093734999929 ], [ -70.646715854999968, -17.174355859999935 ], [ -70.649566479999976, -17.174978359999955 ], [ -70.651106479999953, -17.174978359999955 ], [ -70.652220479999983, -17.174617984999941 ], [ -70.65313797999994, -17.174126484999931 ], [ -70.653793354999948, -17.173700484999927 ], [ -70.654874604999975, -17.173208984999974 ], [ -70.655824729999949, -17.173274609999964 ], [ -70.656380229999968, -17.17325948499996 ], [ -70.657037104999972, -17.173241734999976 ], [ -70.658249479999938, -17.172651984999959 ], [ -70.658980479999968, -17.171701109999958 ], [ -70.660542979999946, -17.17130848499994 ], [ -70.661919229999967, -17.171341234999943 ], [ -70.663426354999956, -17.171767359999933 ], [ -70.66578560499994, -17.172619234999956 ], [ -70.667882604999988, -17.173143484999969 ], [ -70.668701729999952, -17.173077984999964 ], [ -70.670339979999937, -17.172520984999949 ], [ -70.671421229999964, -17.172324359999948 ], [ -70.673321604999956, -17.172488234999946 ], [ -70.67663097999997, -17.172488234999946 ], [ -70.678343729999938, -17.172236359999943 ], [ -70.680399104999935, -17.172193234999952 ], [ -70.682823729999939, -17.172062234999942 ], [ -70.685575979999953, -17.172193234999952 ], [ -70.689049229999966, -17.172488234999946 ], [ -70.691867104999972, -17.173045234999961 ], [ -70.695340229999942, -17.173962609999933 ], [ -70.697338979999984, -17.174683484999946 ], [ -70.699698104999982, -17.176059609999982 ], [ -70.702286604999983, -17.177042609999944 ], [ -70.703662729999962, -17.177828984999962 ], [ -70.704578104999939, -17.177935484999978 ], [ -70.707758479999939, -17.178713609999932 ], [ -70.710019354999986, -17.178779234999979 ], [ -70.711578229999986, -17.178249734999952 ], [ -70.711755854999979, -17.178189359999976 ], [ -70.712498104999952, -17.177521234999972 ], [ -70.713066479999952, -17.177009859999941 ], [ -70.714442604999988, -17.175338859999954 ], [ -70.715785979999964, -17.174126484999931 ], [ -70.71811235499996, -17.173110734999966 ], [ -70.720504354999946, -17.17222610999994 ], [ -70.722268604999954, -17.171590359999982 ], [ -70.723045354999954, -17.171341234999943 ], [ -70.724010229999976, -17.171013609999932 ], [ -70.726828104999981, -17.170620484999972 ], [ -70.728564604999974, -17.170751734999953 ], [ -70.729908104999936, -17.171177609999972 ], [ -70.731185854999978, -17.171898359999943 ], [ -70.73252935499994, -17.17222610999994 ], [ -70.734429729999988, -17.172914109999965 ], [ -70.735147104999953, -17.173286609999934 ], [ -70.736133479999978, -17.173798859999977 ], [ -70.737444229999937, -17.174257484999941 ], [ -70.738951354999983, -17.174650734999943 ], [ -70.740556854999966, -17.174748984999951 ], [ -70.74255560499995, -17.174585234999938 ], [ -70.744423229999938, -17.174191984999936 ], [ -70.744812854999964, -17.174030234999975 ], [ -70.746159854999974, -17.17347110999998 ], [ -70.747929229999954, -17.17297960999997 ], [ -70.749600229999942, -17.173012484999958 ], [ -70.751304104999974, -17.173798859999977 ], [ -70.752418104999947, -17.174519609999948 ], [ -70.753040604999967, -17.175174984999956 ], [ -70.753302729999973, -17.176059609999982 ], [ -70.754154729999982, -17.176780484999938 ], [ -70.755432729999939, -17.176780484999938 ], [ -70.757024354999942, -17.176533484999936 ], [ -70.757332979999944, -17.176485609999929 ], [ -70.759888729999943, -17.175469859999964 ], [ -70.761657979999939, -17.174224734999939 ], [ -70.762870354999961, -17.172520984999949 ], [ -70.764148229999932, -17.170948109999927 ], [ -70.766029354999944, -17.169685484999945 ], [ -70.767790979999972, -17.167818359999956 ], [ -70.769570354999985, -17.166892609999934 ], [ -70.771285104999947, -17.164687484999945 ], [ -70.772492229999955, -17.163662109999962 ], [ -70.772246104999965, -17.163267609999934 ], [ -70.772246104999965, -17.162347609999927 ], [ -70.771904354999947, -17.161246109999979 ], [ -70.771880979999935, -17.159748109999953 ], [ -70.77240822999994, -17.157738234999954 ], [ -70.773445354999978, -17.155541109999945 ], [ -70.77567385499998, -17.153999984999928 ], [ -70.779472479999981, -17.152087859999938 ], [ -70.780281229999957, -17.151878859999954 ], [ -70.781867229999989, -17.150492234999945 ], [ -70.784423854999943, -17.149552734999929 ], [ -70.786208979999969, -17.146830109999939 ], [ -70.789261729999964, -17.14425585999993 ], [ -70.791496104999965, -17.141281234999951 ], [ -70.793677729999956, -17.139675734999969 ], [ -70.796746104999954, -17.13815623499994 ], [ -70.799660104999987, -17.137523484999974 ], [ -70.802742229999978, -17.137158234999958 ], [ -70.804812479999953, -17.137738234999972 ], [ -70.807044979999944, -17.139056609999955 ], [ -70.81045510499996, -17.140439484999945 ], [ -70.813596854999957, -17.140161359999979 ], [ -70.816521479999949, -17.139902359999951 ], [ -70.818619104999982, -17.139142609999965 ], [ -70.820380854999939, -17.136253859999954 ], [ -70.822052729999939, -17.13477735999993 ], [ -70.825796854999965, -17.132162109999967 ], [ -70.830246229999943, -17.129513734999932 ], [ -70.833374854999988, -17.128497984999967 ], [ -70.835121104999985, -17.128869109999982 ], [ -70.836226604999979, -17.129523484999936 ], [ -70.838042979999955, -17.130064484999934 ], [ -70.839966854999943, -17.130253859999982 ], [ -70.841437480999957, -17.129869109999959 ], [ -70.841741771999978, -17.129696693999961 ], [ -70.84288873099996, -17.12904685999996 ], [ -70.844978480999941, -17.125710984999955 ], [ -70.847808605999944, -17.123064484999929 ], [ -70.849333980999972, -17.12217185999998 ], [ -70.852111355999966, -17.121488234999958 ], [ -70.853035105999936, -17.120749984999975 ], [ -70.854347605999976, -17.118697234999956 ], [ -70.855949230999954, -17.113925734999953 ], [ -70.856544980999956, -17.112925734999976 ], [ -70.856589855999971, -17.111206859999982 ], [ -70.856894480999983, -17.111033234999979 ], [ -70.857597605999956, -17.111177734999956 ], [ -70.859474605999935, -17.112601609999956 ], [ -70.862929855999937, -17.114425734999941 ], [ -70.866005855999958, -17.116619109999931 ], [ -70.868269355999985, -17.117350109999961 ], [ -70.868836105999947, -17.117533234999939 ], [ -70.870503855999971, -17.118441359999963 ], [ -70.872917980999944, -17.121575984999936 ], [ -70.875617230999978, -17.124503859999948 ], [ -70.876535105999949, -17.125992234999956 ], [ -70.87709760599995, -17.12748823499993 ], [ -70.878214980999985, -17.128432984999961 ], [ -70.879081980999956, -17.129165984999929 ], [ -70.881011730999944, -17.130048859999931 ], [ -70.881878730999972, -17.130837859999929 ], [ -70.882507855999961, -17.131951109999932 ], [ -70.883636730999967, -17.133142609999936 ], [ -70.884132855999951, -17.134681609999973 ], [ -70.885132855999984, -17.135671859999945 ], [ -70.886261730999934, -17.137570359999927 ], [ -70.888175730999933, -17.138746109999943 ], [ -70.890007855999954, -17.140402359999939 ], [ -70.891746105999971, -17.141412109999976 ], [ -70.89353123099994, -17.143269484999962 ], [ -70.894492105999973, -17.143740234999939 ], [ -70.895828230999939, -17.144894484999952 ], [ -70.897835980999957, -17.145490234999954 ], [ -70.898720730999969, -17.146263609999949 ], [ -70.900031230999957, -17.146943359999966 ], [ -70.901476480999975, -17.148215859999937 ], [ -70.902667980999979, -17.148613109999928 ], [ -70.903387230999954, -17.148972734999973 ], [ -70.904623105999974, -17.149590609999962 ], [ -70.905661855999938, -17.150873734999948 ], [ -70.90610548099994, -17.15224410999997 ], [ -70.907005980999941, -17.15371485999998 ], [ -70.908838980999974, -17.154509234999978 ], [ -70.910916355999973, -17.154020359999947 ], [ -70.912016230999939, -17.153287234999937 ], [ -70.913390980999964, -17.152431734999936 ], [ -70.916232105999939, -17.151118234999956 ], [ -70.918431730999941, -17.149407359999941 ], [ -70.920356355999957, -17.146963359999972 ], [ -70.921731105999982, -17.144336109999927 ], [ -70.922641480999971, -17.141626109999947 ], [ -70.923044730999948, -17.140425734999951 ], [ -70.923777855999958, -17.13776785999994 ], [ -70.923777855999958, -17.136868359999937 ], [ -70.923777855999958, -17.135995984999965 ], [ -70.923701105999953, -17.135099609999941 ], [ -70.92380848099998, -17.133276984999952 ], [ -70.923533480999936, -17.13156623499998 ], [ -70.922922480999944, -17.130252609999957 ], [ -70.921897855999987, -17.128415484999948 ], [ -70.921343730999979, -17.127404234999972 ], [ -70.921120105999933, -17.126983734999953 ], [ -70.920172980999951, -17.126067234999937 ], [ -70.919513730999938, -17.125490359999958 ], [ -70.919195480999974, -17.125211859999979 ], [ -70.918400980999934, -17.12405098499994 ], [ -70.91748460599996, -17.123348359999966 ], [ -70.915162855999938, -17.122706734999952 ], [ -70.91433798099996, -17.122126359999982 ], [ -70.914215730999956, -17.121087609999961 ], [ -70.91430748099998, -17.120476609999969 ], [ -70.914246355999978, -17.119773984999938 ], [ -70.913727105999953, -17.117696609999939 ], [ -70.913757605999933, -17.114488859999938 ], [ -70.913421855999957, -17.112337859999968 ], [ -70.913382855999942, -17.111199234999958 ], [ -70.913605480999934, -17.110664109999959 ], [ -70.916251980999959, -17.108923859999948 ], [ -70.916833855999982, -17.10804885999994 ], [ -70.917115230999968, -17.106583984999929 ], [ -70.918540980999978, -17.104195359999949 ], [ -70.918816355999979, -17.103062484999953 ], [ -70.91973823099994, -17.102537109999957 ], [ -70.921279230999971, -17.102419984999926 ], [ -70.923568230999933, -17.103056609999953 ], [ -70.924996105999981, -17.102941359999932 ], [ -70.925910105999947, -17.102396484999929 ], [ -70.928222605999963, -17.100074234999965 ], [ -70.928910230999975, -17.099580484999933 ], [ -70.930193355999961, -17.099030609999943 ], [ -70.931519980999951, -17.098819984999977 ], [ -70.932209605999958, -17.098816859999943 ], [ -70.933240230999957, -17.099427734999949 ], [ -70.935111855999935, -17.100038859999927 ], [ -70.935203605999959, -17.100057859999936 ], [ -70.936730980999982, -17.100374859999931 ], [ -70.938625105999961, -17.100222109999947 ], [ -70.939877605999982, -17.100588734999974 ], [ -70.941099480999981, -17.100771984999938 ], [ -70.943146480999985, -17.100802484999974 ], [ -70.944796105999956, -17.10049698499995 ], [ -70.94595710599998, -17.099397234999969 ], [ -70.946781980999958, -17.098175234999928 ], [ -70.946842980999975, -17.097319859999971 ], [ -70.946629230999974, -17.093959359999928 ], [ -70.946384730999966, -17.09203473499997 ], [ -70.946751355999936, -17.09151535999996 ], [ -70.947973355999977, -17.091026609999972 ], [ -70.948828730999935, -17.090690484999982 ], [ -70.949286980999943, -17.089499109999963 ], [ -70.949439730999984, -17.087757734999968 ], [ -70.949684230999935, -17.085955359999957 ], [ -70.950603480999973, -17.083501984999941 ], [ -70.951058855999975, -17.082778109999936 ], [ -70.952036480999936, -17.081708859999935 ], [ -70.953075230999957, -17.081067359999963 ], [ -70.954358355999943, -17.080517484999973 ], [ -70.956008105999956, -17.079875859999959 ], [ -70.957352230999959, -17.078592859999958 ], [ -70.959246230999952, -17.077187484999968 ], [ -70.961018105999983, -17.076576484999975 ], [ -70.963064980999945, -17.075507234999975 ], [ -70.96477585599996, -17.075201734999951 ], [ -70.966242230999967, -17.074529609999956 ], [ -70.967219730999943, -17.07358260999996 ], [ -70.967494605999946, -17.072788359999947 ], [ -70.967311480999967, -17.071566359999963 ], [ -70.966730980999955, -17.070741484999928 ], [ -70.966022855999938, -17.070336859999941 ], [ -70.96587560599994, -17.070252859999982 ], [ -70.965203480999946, -17.069549984999981 ], [ -70.964286980999987, -17.068541984999968 ], [ -70.962380980999967, -17.067819984999971 ], [ -70.961964730999966, -17.067750234999949 ], [ -70.960834855999963, -17.067442109999945 ], [ -70.960529355999938, -17.066769984999951 ], [ -70.960468230999936, -17.065945109999973 ], [ -70.960284980999973, -17.063959359999956 ], [ -70.960101605999967, -17.063103984999941 ], [ -70.959582355999942, -17.062431984999932 ], [ -70.959001855999986, -17.061545984999952 ], [ -70.958543605999978, -17.06096548499994 ], [ -70.958543605999978, -17.060232359999929 ], [ -70.959460105999938, -17.059529734999956 ], [ -70.960743230999981, -17.058796484999959 ], [ -70.961934605999943, -17.057879984999943 ], [ -70.962239980999982, -17.056627609999964 ], [ -70.962239980999982, -17.055527609999956 ], [ -70.961873605999983, -17.054397359999939 ], [ -70.961048730999948, -17.053144734999933 ], [ -70.95967398099998, -17.051158984999972 ], [ -70.958849105999946, -17.049600984999927 ], [ -70.958940730999984, -17.048592859999928 ], [ -70.959337980999976, -17.04721810999996 ], [ -70.959979605999933, -17.045568359999947 ], [ -70.960132230999989, -17.044590859999971 ], [ -70.960559855999975, -17.042971734999981 ], [ -70.96059048099994, -17.040894234999939 ], [ -70.960620980999977, -17.038969609999981 ], [ -70.960620980999977, -17.037686608999934 ], [ -70.961066355999947, -17.035734358999946 ], [ -70.961537605999979, -17.034570483999971 ], [ -70.961751355999979, -17.032065358999944 ], [ -70.961201480999989, -17.030201858999931 ], [ -70.961170855999967, -17.027910608999946 ], [ -70.960926480999944, -17.026566358999958 ], [ -70.959582355999942, -17.025436108999941 ], [ -70.957932605999986, -17.024519608999981 ], [ -70.956015605999937, -17.022982358999968 ], [ -70.954340730999945, -17.021721983999953 ], [ -70.953105730999937, -17.020792483999969 ], [ -70.951944855999955, -17.020211983999957 ], [ -70.950997855999958, -17.019356608999942 ], [ -70.950478480999948, -17.018409608999946 ], [ -70.950186980999945, -17.017496233999964 ], [ -70.950020230999939, -17.016973733999976 ], [ -70.94965360599997, -17.015171358999964 ], [ -70.949421730999973, -17.014452358999961 ], [ -70.949042605999978, -17.013277233999929 ], [ -70.948645480999971, -17.011933108999926 ], [ -70.948134730999982, -17.010790983999982 ], [ -70.947331855999948, -17.009886233999964 ], [ -70.946293105999985, -17.008603108999978 ], [ -70.945642855999949, -17.007415858999934 ], [ -70.945407230999933, -17.006556233999959 ], [ -70.945590480999954, -17.004784358999927 ], [ -70.946354105999944, -17.00337910899998 ], [ -70.946822230999942, -17.002507858999934 ], [ -70.946842980999975, -17.001484983999944 ], [ -70.94679273099996, -17.001441358999955 ], [ -70.946140355999944, -17.000873983999952 ], [ -70.945816230999981, -17.000400483999954 ], [ -70.945376605999968, -16.99974360899995 ], [ -70.945335730999943, -16.999603733999948 ], [ -70.945162730999982, -16.999010483999939 ], [ -70.944643480999957, -16.998399483999947 ], [ -70.944329855999968, -16.997772108999982 ], [ -70.943910230999961, -16.99693310899994 ], [ -70.943529980999983, -16.996505233999926 ], [ -70.942816605999951, -16.995702733999963 ], [ -70.942688230999977, -16.995558358999972 ], [ -70.941618980999976, -16.994672358999935 ], [ -70.940580355999941, -16.994550108999931 ], [ -70.938411355999961, -16.994611233999933 ], [ -70.936211730999958, -16.995008358999939 ], [ -70.93604010599995, -16.995062858999972 ], [ -70.935663730999977, -16.995182108999927 ], [ -70.934959105999951, -16.995405608999931 ], [ -70.93377923099996, -16.996731108999938 ], [ -70.933052730999975, -16.997433608999927 ], [ -70.932083980999948, -16.997134733999928 ], [ -70.930619105999938, -16.996062483999935 ], [ -70.930335980999985, -16.995622983999965 ], [ -70.930328105999934, -16.994915983999931 ], [ -70.930847605999986, -16.99367185899996 ], [ -70.931892605999963, -16.992415983999933 ], [ -70.933037105999972, -16.991915983999945 ], [ -70.934263605999945, -16.990812483999946 ], [ -70.934898355999962, -16.989621108999927 ], [ -70.934837855999945, -16.988408108999977 ], [ -70.934074230999954, -16.986822233999931 ], [ -70.932973355999934, -16.985354608999955 ], [ -70.931629230999988, -16.984407733999944 ], [ -70.930468230999963, -16.984315983999977 ], [ -70.929001980999942, -16.984346483999957 ], [ -70.927352230999986, -16.984163233999936 ], [ -70.926983480999979, -16.983702233999963 ], [ -70.926741230999937, -16.98339948399996 ], [ -70.926618980999933, -16.982269108999958 ], [ -70.926618980999933, -16.980619483999931 ], [ -70.926582855999982, -16.980405983999958 ], [ -70.926282980999986, -16.97863373399997 ], [ -70.926160730999982, -16.977350608999927 ], [ -70.926949230999981, -16.97662698399995 ], [ -70.928835855999978, -16.976123983999969 ], [ -70.931109855999978, -16.975517608999951 ], [ -70.934447230999979, -16.975011733999963 ], [ -70.934775855999987, -16.974570608999954 ], [ -70.934990230999972, -16.973382858999969 ], [ -70.934753980999972, -16.971581733999926 ], [ -70.93485973099996, -16.971158358999958 ], [ -70.935393355999963, -16.969024358999945 ], [ -70.936287480999965, -16.967036983999947 ], [ -70.938717855999982, -16.965827608999973 ], [ -70.944983480999952, -16.963909733999969 ], [ -70.948435855999946, -16.962566983999977 ], [ -70.949278980999964, -16.962345108999955 ], [ -70.954509605999988, -16.960968608999963 ], [ -70.95708973099994, -16.960968608999963 ], [ -70.95770635599996, -16.960968608999963 ], [ -70.960391605999973, -16.961480108999979 ], [ -70.961798105999947, -16.960776858999964 ], [ -70.963204605999977, -16.959050608999974 ], [ -70.963769980999984, -16.957369983999968 ], [ -70.964802980999934, -16.956812858999967 ], [ -70.966145605999941, -16.955598108999936 ], [ -70.967296480999948, -16.953488358999948 ], [ -70.969661980999945, -16.951698108999949 ], [ -70.972602980999966, -16.949907983999935 ], [ -70.974126730999956, -16.948501483999962 ], [ -70.975927605999971, -16.946839108999939 ], [ -70.978347605999943, -16.943919983999933 ], [ -70.983634730999938, -16.941154233999953 ], [ -70.985718730999963, -16.939179733999936 ], [ -70.987525355999935, -16.938447233999966 ], [ -70.988165980999952, -16.937941358999979 ], [ -70.989509730999941, -16.936042983999982 ], [ -70.990578105999987, -16.931548858999975 ], [ -70.991478480999945, -16.929615358999968 ], [ -70.993591855999966, -16.92803910899994 ], [ -70.996101605999968, -16.927201233999938 ], [ -70.997039105999988, -16.926619108999944 ], [ -70.999015605999944, -16.924894483999935 ], [ -71.001220730999933, -16.92245698399995 ], [ -71.002318355999932, -16.919064483999932 ], [ -71.002525355999978, -16.916378858999963 ], [ -71.002898480999988, -16.915695358999926 ], [ -71.00490623099995, -16.91453123399998 ], [ -71.00661323099996, -16.914447233999965 ], [ -71.008277355999951, -16.914845733999982 ], [ -71.009849605999989, -16.915552733999959 ], [ -71.011597730999938, -16.917228483999963 ], [ -71.014831855999944, -16.917572233999977 ], [ -71.016052730999945, -16.917279358999963 ], [ -71.01723435599996, -16.915652358999978 ], [ -71.01704498099997, -16.914027358999931 ], [ -71.016236355999979, -16.911960983999961 ], [ -71.01370310599998, -16.906849608999948 ], [ -71.011771480999982, -16.904232483999976 ], [ -71.011130855999966, -16.901912108999966 ], [ -71.011406230999967, -16.900765608999961 ], [ -71.012175730999957, -16.899931608999964 ], [ -71.012626980999983, -16.899755858999981 ], [ -71.015007855999954, -16.899851608999938 ], [ -71.015976605999981, -16.899464858999977 ], [ -71.016533230999983, -16.898425733999943 ], [ -71.016333980999946, -16.897068358999945 ], [ -71.013329105999958, -16.894221358999971 ], [ -71.011411105999969, -16.893134483999972 ], [ -71.009493105999979, -16.892622983999956 ], [ -71.00695123099996, -16.891886733999968 ], [ -71.003931605999981, -16.891154358999927 ], [ -71.002460355999972, -16.889745983999944 ], [ -71.001617230999955, -16.888056608999932 ], [ -71.000882230999935, -16.884497483999951 ], [ -71.000908230999983, -16.88442973399998 ], [ -71.000855480999974, -16.880902358999947 ], [ -71.002509730999975, -16.878411983999968 ], [ -71.002921855999944, -16.87709373399997 ], [ -71.002730480999958, -16.87204885899996 ], [ -71.003898480999965, -16.862290983999969 ], [ -71.004402355999957, -16.861101608999945 ], [ -71.006156230999977, -16.859294858999931 ], [ -71.006874980999953, -16.857951233999927 ], [ -71.007613230999937, -16.854728483999963 ], [ -71.00816998099998, -16.852860858999975 ], [ -71.008726105999983, -16.851269358999957 ], [ -71.009052105999956, -16.849907858999927 ], [ -71.009119105999957, -16.84828510899996 ], [ -71.008896480999965, -16.84453123399993 ], [ -71.00909373099995, -16.84047660899995 ], [ -71.008994480999945, -16.838862733999974 ], [ -71.00939723099998, -16.836772608999979 ], [ -71.009282230999986, -16.83529598399997 ], [ -71.008956230999956, -16.834643983999968 ], [ -71.008323355999948, -16.834222233999981 ], [ -71.007786480999982, -16.83410723399993 ], [ -71.005888105999986, -16.834030483999982 ], [ -71.005562230999942, -16.833876983999971 ], [ -71.005442980999987, -16.833171733999961 ], [ -71.005312855999989, -16.832400483999947 ], [ -71.005435980999948, -16.831491858999982 ], [ -71.005466230999957, -16.831269108999948 ], [ -71.005811355999981, -16.829370733999951 ], [ -71.006520855999952, -16.828028483999958 ], [ -71.007517980999978, -16.827050483999926 ], [ -71.009032855999976, -16.826417733999961 ], [ -71.010662855999954, -16.825228858999935 ], [ -71.012100980999946, -16.823982358999956 ], [ -71.013396480999972, -16.822896483999955 ], [ -71.013999355999943, -16.822390858999938 ], [ -71.014938980999943, -16.821700483999962 ], [ -71.015134730999989, -16.82156060899996 ], [ -71.016281230999937, -16.820741733999967 ], [ -71.016449355999953, -16.820684608999954 ], [ -71.01819885599997, -16.820089733999964 ], [ -71.018479730999957, -16.81998598399997 ], [ -71.019962980999935, -16.819437733999962 ], [ -71.02115185599996, -16.818536483999935 ], [ -71.022513355999934, -16.816005358999973 ], [ -71.023069480999936, -16.81433710899995 ], [ -71.023548855999934, -16.813013858999966 ], [ -71.02464185599996, -16.810636233999958 ], [ -71.024852730999953, -16.808661108999956 ], [ -71.025082855999983, -16.806877733999954 ], [ -71.025504730999955, -16.805151983999963 ], [ -71.026183605999961, -16.804099608999934 ], [ -71.026687480999954, -16.803540983999937 ], [ -71.028580105999936, -16.802314483999965 ], [ -71.031593730999987, -16.799242233999962 ], [ -71.032100980999985, -16.798862358999941 ], [ -71.032427105999943, -16.797999483999945 ], [ -71.032348855999942, -16.797481108999932 ], [ -71.032273730999975, -16.796983108999939 ], [ -71.032139480999945, -16.796081858999969 ], [ -71.032618855999942, -16.795372358999941 ], [ -71.033424355999955, -16.79475873399997 ], [ -71.034287230999951, -16.79443273399994 ], [ -71.036051355999973, -16.793895858999974 ], [ -71.03824035599996, -16.793380858999967 ], [ -71.039505855999948, -16.792330108999977 ], [ -71.040250855999943, -16.791537233999975 ], [ -71.040550730999939, -16.790763733999938 ], [ -71.040615105999962, -16.790060733999951 ], [ -71.040636605999964, -16.78969535899995 ], [ -71.040672730999972, -16.789082733999976 ], [ -71.041094480999959, -16.786647483999957 ], [ -71.041516355999988, -16.785075108999933 ], [ -71.041516355999988, -16.784423108999931 ], [ -71.041382105999958, -16.783445108999956 ], [ -71.04144135599995, -16.783074233999969 ], [ -71.041650605999962, -16.782601358999955 ], [ -71.041650605999962, -16.781661858999939 ], [ -71.041286230999958, -16.780856483999969 ], [ -71.04090273099996, -16.780492108999965 ], [ -71.039924855999971, -16.779590858999939 ], [ -71.039081230999955, -16.778363608999939 ], [ -71.037980105999964, -16.776419983999972 ], [ -71.037240230999942, -16.774605233999978 ], [ -71.036588605999953, -16.773727983999947 ], [ -71.036381855999934, -16.772872608999933 ], [ -71.036257980999949, -16.772330858999965 ], [ -71.036189480999951, -16.77203123399994 ], [ -71.035987105999936, -16.771810358999971 ], [ -71.035526605999962, -16.771603608999953 ], [ -71.035018855999965, -16.771368608999978 ], [ -71.034819605999985, -16.77126173399995 ], [ -71.034370230999968, -16.771020858999975 ], [ -71.033909730999937, -16.770579108999982 ], [ -71.033627730999967, -16.770052608999947 ], [ -71.033082480999951, -16.768952983999952 ], [ -71.032968980999954, -16.768735858999946 ], [ -71.03232798099998, -16.767554983999958 ], [ -71.031616355999972, -16.766455233999977 ], [ -71.03158573099995, -16.766407983999954 ], [ -71.030708605999962, -16.765834483999981 ], [ -71.030364230999965, -16.76575435899997 ], [ -71.029257980999944, -16.765497108999966 ], [ -71.028442480999956, -16.765343233999943 ], [ -71.027469855999982, -16.765159733999951 ], [ -71.026086730999964, -16.764484983999978 ], [ -71.02470348099996, -16.763371733999975 ], [ -71.023421480999957, -16.762595733999945 ], [ -71.022357355999986, -16.762119233999954 ], [ -71.021934355999974, -16.762043983999945 ], [ -71.021454980999977, -16.761987608999959 ], [ -71.020907980999937, -16.761937858999943 ], [ -71.020834730999979, -16.761931233999974 ], [ -71.019999980999955, -16.761799983999936 ], [ -71.019049980999966, -16.763909983999952 ] ] ] ] } }
]
}
