{
"type": "FeatureCollection",
"name": "san_marcos",
"crs": { "type": "name", "properties": { "name": "urn:ogc:def:crs:OGC:1.3:CRS84" } },
"features": [
{ "type": "Feature", "properties": { "UBIGEO": "021014", "CCDD": "02", "CCPP": "10", "CCDI": "14", "DEPARTAMEN": "ANCASH", "PROVINCIA": "HUARI", "DISTRITO": "SAN MARCOS", "OBJECTID": 163.0, "ESRI_OID": 163.0 }, "geometry": { "type": "MultiPolygon", "coordinates": [ [ [ [ -77.157826610999962, -9.429058476999955 ], [ -77.15738436099997, -9.429555851999964 ], [ -77.156610360999935, -9.43020097699997 ], [ -77.155799610999964, -9.431067101999929 ], [ -77.154932110999937, -9.431815101999973 ], [ -77.153624985999954, -9.432586101999959 ], [ -77.152851110999961, -9.43318635199995 ], [ -77.151859485999978, -9.43395510199997 ], [ -77.151136735999955, -9.434391351999977 ], [ -77.150079235999954, -9.43502910199993 ], [ -77.148991485999943, -9.43568535199995 ], [ -77.148910110999964, -9.43573435199994 ], [ -77.148120985999981, -9.436440351999977 ], [ -77.14811236099996, -9.436447726999972 ], [ -77.147080235999965, -9.437332476999927 ], [ -77.146532985999954, -9.437801476999937 ], [ -77.145520235999982, -9.438669726999933 ], [ -77.144005610999955, -9.439967851999938 ], [ -77.142973610999945, -9.440852351999979 ], [ -77.141573110999957, -9.441736976999948 ], [ -77.140393610999979, -9.442990226999939 ], [ -77.138255985999933, -9.445017226999937 ], [ -77.137739985999985, -9.445551601999966 ], [ -77.137481985999955, -9.446982476999949 ], [ -77.137334610999972, -9.447799851999946 ], [ -77.13698448599996, -9.448629101999927 ], [ -77.136800860999983, -9.448863226999947 ], [ -77.136492860999965, -9.449256226999978 ], [ -77.136118360999944, -9.449605726999948 ], [ -77.135289110999963, -9.450379851999969 ], [ -77.133796360999952, -9.451448601999971 ], [ -77.132451110999966, -9.452296226999977 ], [ -77.131345485999987, -9.453254476999973 ], [ -77.130645235999964, -9.45406535199993 ], [ -77.129650110999989, -9.455650226999978 ], [ -77.128194235999956, -9.456018726999957 ], [ -77.126535735999937, -9.456276726999931 ], [ -77.124371110999959, -9.457131351999976 ], [ -77.123568860999967, -9.457848601999956 ], [ -77.122315735999962, -9.458969101999969 ], [ -77.121814485999948, -9.459912601999974 ], [ -77.121054735999962, -9.46079685199993 ], [ -77.119735735999939, -9.461519476999968 ], [ -77.118364736, -9.461696476999975 ], [ -77.11702311099998, -9.461740726999949 ], [ -77.116551485999935, -9.461401601999967 ], [ -77.116197610999961, -9.459485101999974 ], [ -77.116086110999959, -9.459158351999974 ], [ -77.115769985999975, -9.458231976999969 ], [ -77.11544573599997, -9.457804476999968 ], [ -77.11513611099997, -9.457583351999972 ], [ -77.114786985999956, -9.457551101999968 ], [ -77.114428485999952, -9.457686476999982 ], [ -77.113765110999964, -9.45793710199996 ], [ -77.112909985999977, -9.458069851999937 ], [ -77.112334985999951, -9.458217226999977 ], [ -77.111789610999949, -9.458526851999977 ], [ -77.110683860999984, -9.459426101999952 ], [ -77.11016273599995, -9.459573601999978 ], [ -77.109902485999953, -9.459647226999948 ], [ -77.109298110999987, -9.459544101999938 ], [ -77.108746860999986, -9.459374601999968 ], [ -77.108507360999965, -9.459109976999969 ], [ -77.108059735999973, -9.458615226999939 ], [ -77.107219360999977, -9.457686476999982 ], [ -77.106627985999978, -9.457215351999935 ], [ -77.106111360999989, -9.457099601999971 ], [ -77.105332360999967, -9.457391601999973 ], [ -77.104005360999963, -9.457494851999968 ], [ -77.103106360999959, -9.457465351999929 ], [ -77.102394860999937, -9.457365476999939 ], [ -77.101425610999968, -9.457229476999942 ], [ -77.101042360999941, -9.457288476999963 ], [ -77.099553360999948, -9.458570976999965 ], [ -77.098698235999962, -9.459470351999926 ], [ -77.098088360999952, -9.460341976999928 ], [ -77.097915610999962, -9.460704851999935 ], [ -77.097268235999934, -9.462064976999955 ], [ -77.095838235999963, -9.462949601999981 ], [ -77.095159985999942, -9.464143726999964 ], [ -77.094820985999945, -9.464644976999978 ], [ -77.094246110999961, -9.465131476999943 ], [ -77.093479360999936, -9.466104476999931 ], [ -77.09330248599997, -9.467047976999936 ], [ -77.092727485999944, -9.468094726999936 ], [ -77.091953110999953, -9.469315476999952 ], [ -77.091675485999986, -9.469674601999941 ], [ -77.09141548599996, -9.470011226999929 ], [ -77.090914235999946, -9.470659851999926 ], [ -77.090619360999938, -9.471308601999965 ], [ -77.090589860999955, -9.472237476999965 ], [ -77.090991626999937, -9.473425039999938 ], [ -77.090991985999949, -9.473426101999962 ], [ -77.090873235999936, -9.473986101999969 ], [ -77.090678360999959, -9.474905601999978 ], [ -77.090238360999933, -9.476981601999967 ], [ -77.090103360999933, -9.477618351999979 ], [ -77.089837985999964, -9.479107351999971 ], [ -77.089631610999959, -9.479770726999959 ], [ -77.089366235999989, -9.480227726999942 ], [ -77.089264860999947, -9.480312226999956 ], [ -77.088835485999937, -9.480669851999949 ], [ -77.087906735999979, -9.481097726999963 ], [ -77.087342235999984, -9.481579101999955 ], [ -77.086786360999952, -9.482571851999978 ], [ -77.085754360999942, -9.484414601999958 ], [ -77.085312110999951, -9.485019101999967 ], [ -77.084530735999977, -9.48557922699996 ], [ -77.083915985999965, -9.485831101999963 ], [ -77.082189735999975, -9.485977976999948 ], [ -77.081331610999939, -9.486050976999934 ], [ -77.079327235999983, -9.486221601999944 ], [ -77.077907735999986, -9.48607822699995 ], [ -77.077190860999963, -9.486005851999948 ], [ -77.07652761099996, -9.485938976999932 ], [ -77.076162860999943, -9.485902101999955 ], [ -77.075836360999972, -9.486002226999972 ], [ -77.074653235999961, -9.486692351999977 ], [ -77.073945610999942, -9.487517851999939 ], [ -77.073414860999947, -9.487989726999956 ], [ -77.072392985999954, -9.488445601999956 ], [ -77.070808360999933, -9.489298851999934 ], [ -77.069735110999943, -9.489876726999967 ], [ -77.068673735999937, -9.490372101999981 ], [ -77.067104110999935, -9.491899601999933 ], [ -77.066382860999965, -9.492732476999947 ], [ -77.065403235999952, -9.49441085199993 ], [ -77.065118360999975, -9.495322226999974 ], [ -77.065460235999979, -9.497087976999978 ], [ -77.066086735999988, -9.498198726999931 ], [ -77.066656360999957, -9.49845510199998 ], [ -77.067653235999956, -9.498426601999938 ], [ -77.068267610999953, -9.49804635199996 ], [ -77.068756235999956, -9.497920226999952 ], [ -77.069275235999953, -9.498038101999953 ], [ -77.069903235999959, -9.498056351999935 ], [ -77.070618735999972, -9.497634351999977 ], [ -77.071037110999953, -9.49775785199995 ], [ -77.07152659999997, -9.498705215999962 ], [ -77.071913860999985, -9.499454726999943 ], [ -77.07198223599994, -9.500502851999954 ], [ -77.071560360999968, -9.501657851999937 ], [ -77.069392110999956, -9.503055226999948 ], [ -77.068735860999936, -9.503478101999974 ], [ -77.068138110999939, -9.504134226999952 ], [ -77.067554735999977, -9.504907101999947 ], [ -77.067231860999982, -9.505253101999926 ], [ -77.066329860999986, -9.506219476999945 ], [ -77.062757235999982, -9.508377601999939 ], [ -77.062101110999947, -9.508523476999926 ], [ -77.061723485999948, -9.508519226999965 ], [ -77.06080323599997, -9.508508851999977 ], [ -77.060074110999949, -9.508654726999964 ], [ -77.056895235999946, -9.509937976999936 ], [ -77.055859860999988, -9.510214976999976 ], [ -77.055057860999966, -9.510229601999981 ], [ -77.05387673599995, -9.510098351999943 ], [ -77.052695610999933, -9.509004726999933 ], [ -77.052301860999989, -9.508873476999952 ], [ -77.051835235999988, -9.508887976999972 ], [ -77.051149860999942, -9.509150476999935 ], [ -77.050172860999965, -9.509675476999973 ], [ -77.049251735999974, -9.509798351999962 ], [ -77.048860411999954, -9.509850357999937 ], [ -77.047985610999945, -9.509369226999979 ], [ -77.047212860999934, -9.508742226999971 ], [ -77.046468985999979, -9.507808976999968 ], [ -77.045652485999938, -9.506569476999971 ], [ -77.04562898599994, -9.506399851999959 ], [ -77.045594110999957, -9.506146601999944 ], [ -77.045973360999938, -9.504775851999966 ], [ -77.045987735999972, -9.503346851999936 ], [ -77.045681610999964, -9.502442726999959 ], [ -77.044952485999943, -9.500809601999947 ], [ -77.044048360999966, -9.49817010199996 ], [ -77.043873485999939, -9.497076476999951 ], [ -77.043304735999982, -9.495851601999959 ], [ -77.042935360999934, -9.495375851999938 ], [ -77.041481985999951, -9.493503851999947 ], [ -77.039877985999965, -9.49182697699996 ], [ -77.038638485999968, -9.49117072699994 ], [ -77.03776348599996, -9.490835351999976 ], [ -77.037209360999952, -9.490922851999926 ], [ -77.035301110999967, -9.491813101999981 ], [ -77.033432610999967, -9.492927726999937 ], [ -77.031288235999966, -9.493449351999971 ], [ -77.029753110999934, -9.493155351999974 ], [ -77.026238235999983, -9.491222601999937 ], [ -77.024592235999989, -9.490476976999958 ], [ -77.023254985999984, -9.489871226999981 ], [ -77.02207286099997, -9.489335726999968 ], [ -77.019235360999971, -9.487765851999939 ], [ -77.018222735999984, -9.487635226999942 ], [ -77.01712011099994, -9.487859976999971 ], [ -77.017109235999953, -9.487920976999931 ], [ -77.017022360999988, -9.488938726999947 ], [ -77.016305860999978, -9.490720976999967 ], [ -77.015771985999947, -9.492048476999969 ], [ -77.015236485999935, -9.49338047699996 ], [ -77.014905610999961, -9.494203351999943 ], [ -77.014597110999944, -9.495663351999951 ], [ -77.014505235999934, -9.496747351999943 ], [ -77.014304110999944, -9.497264476999931 ], [ -77.014119360999985, -9.497739601999967 ], [ -77.013329361, -9.498933851999936 ], [ -77.013255860999948, -9.499411601999952 ], [ -77.013696735999986, -9.500311851999982 ], [ -77.013856110999939, -9.500816226999973 ], [ -77.013917235999941, -9.501009976999967 ], [ -77.013090485999953, -9.502700351999977 ], [ -77.011363360999951, -9.504831726999953 ], [ -77.011069360999954, -9.506062726999971 ], [ -77.011014235999937, -9.507697976999964 ], [ -77.010970360999977, -9.509001726999941 ], [ -77.010790235999934, -9.509487351999951 ], [ -77.010499860999971, -9.510270351999964 ], [ -77.009989235999967, -9.511331601999927 ], [ -77.009801610999943, -9.511721726999951 ], [ -77.008747235999977, -9.513913601999946 ], [ -77.008221485999968, -9.516186476999962 ], [ -77.007909110999947, -9.516902976999972 ], [ -77.007581985999934, -9.517096101999925 ], [ -77.006788360999963, -9.517564476999951 ], [ -77.004877610999984, -9.518979226999932 ], [ -77.003022860999977, -9.520352351999975 ], [ -77.002782985999943, -9.520963476999952 ], [ -77.002440735999983, -9.521624351999947 ], [ -77.001634610999986, -9.522099852999929 ], [ -77.001018735999935, -9.523228977999963 ], [ -77.000890485999946, -9.523463977999938 ], [ -76.999991360999957, -9.524445852999975 ], [ -76.999129485999958, -9.524850227999934 ], [ -76.998317110999949, -9.525231352999981 ], [ -76.997696985999937, -9.525727352999979 ], [ -76.997443985999951, -9.526086352999926 ], [ -76.996808235999936, -9.526988227999936 ], [ -76.996312110999952, -9.528001102999951 ], [ -76.996014985999977, -9.52860772799994 ], [ -76.995619610999938, -9.529189602999963 ], [ -76.995102860999964, -9.529840727999954 ], [ -76.994696860999966, -9.530623352999953 ], [ -76.994534485999964, -9.530936227999973 ], [ -76.994090110999934, -9.531980102999967 ], [ -76.994048735999968, -9.53339597799993 ], [ -76.993914235999966, -9.534703227999955 ], [ -76.993862735999983, -9.535204602999954 ], [ -76.993655985999965, -9.535721352999929 ], [ -76.992240235999986, -9.537249977999977 ], [ -76.991402985999969, -9.537840102999951 ], [ -76.990286735999973, -9.538821852999945 ], [ -76.989521985999943, -9.538894227999947 ], [ -76.988747235999938, -9.539180352999949 ], [ -76.988416235999978, -9.539514352999959 ], [ -76.98757898599996, -9.540547852999964 ], [ -76.986442110999974, -9.542118727999934 ], [ -76.985542985999984, -9.543575977999978 ], [ -76.984406110999942, -9.546066727999971 ], [ -76.983558610999978, -9.547113352999929 ], [ -76.983041985999989, -9.547751352999967 ], [ -76.982804235999936, -9.548257727999953 ], [ -76.982514735999985, -9.548874477999959 ], [ -76.98111961099994, -9.55081047799996 ], [ -76.980778610999948, -9.551430602999972 ], [ -76.980395485999964, -9.552570602999936 ], [ -76.980055110999956, -9.553373602999955 ], [ -76.979558985999972, -9.553931727999952 ], [ -76.979220110999961, -9.554721602999962 ], [ -76.978560485999935, -9.55658197799994 ], [ -76.97764861099995, -9.557988227999942 ], [ -76.974976610999988, -9.563365227999952 ], [ -76.976964860999942, -9.563210977999972 ], [ -76.978318360999936, -9.562964852999926 ], [ -76.979179735999935, -9.563210977999972 ], [ -76.980244110999934, -9.564031227999976 ], [ -76.981187485999953, -9.564972602999944 ], [ -76.981515610999963, -9.56542385299997 ], [ -76.981679736, -9.566285102999927 ], [ -76.981679736, -9.566818352999974 ], [ -76.981802735999963, -9.567474602999937 ], [ -76.981802735999963, -9.567925602999935 ], [ -76.982089860999963, -9.568458852999981 ], [ -76.982171860999983, -9.568992352999942 ], [ -76.982171860999983, -9.569935602999976 ], [ -76.982089860999963, -9.571697227999948 ], [ -76.981843860999959, -9.572394477999978 ], [ -76.981925735999937, -9.572927727999968 ], [ -76.982171860999983, -9.573378852999952 ], [ -76.982171860999983, -9.573953102999951 ], [ -76.982212860999937, -9.574486352999941 ], [ -76.982499985999937, -9.575265602999934 ], [ -76.982705110999973, -9.576003852999975 ], [ -76.982967985999949, -9.576972227999931 ], [ -76.983023485999979, -9.577130852999971 ], [ -76.983145985999954, -9.577267727999981 ], [ -76.983320360999983, -9.577355477999959 ], [ -76.984099610999976, -9.577396477999969 ], [ -76.98459173599997, -9.577478477999932 ], [ -76.985289110999986, -9.577806602999942 ], [ -76.985984360999964, -9.578380852999942 ], [ -76.986451110999951, -9.578787102999968 ], [ -76.987296860999948, -9.578955102999942 ], [ -76.988158235999947, -9.578503852999972 ], [ -76.989142610999977, -9.578586102999964 ], [ -76.989757860999987, -9.579037102999962 ], [ -76.990208860999985, -9.579365227999972 ], [ -76.990249985999981, -9.579775352999945 ], [ -76.990127110999936, -9.580390602999955 ], [ -76.989921860999971, -9.581169977999934 ], [ -76.989880860999961, -9.581785102999959 ], [ -76.989921860999971, -9.582523477999928 ], [ -76.989757860999987, -9.583095727999932 ], [ -76.989470735999987, -9.583710977999942 ], [ -76.989142610999977, -9.584859352999956 ], [ -76.988937485999941, -9.585638727999935 ], [ -76.988861360999977, -9.58616597799994 ], [ -76.988978610999936, -9.587115227999959 ], [ -76.989019485999961, -9.587771477999979 ], [ -76.988896485999987, -9.589123102999963 ], [ -76.988732360999961, -9.59031247799993 ], [ -76.988240235999967, -9.591748102999929 ], [ -76.988240235999967, -9.59248635299997 ], [ -76.988527360999967, -9.593306602999974 ], [ -76.988650360999941, -9.594290977999947 ], [ -76.988773485999957, -9.594986352999967 ], [ -76.989101610999967, -9.595478477999961 ], [ -76.990003860999934, -9.596175727999935 ], [ -76.990865235999934, -9.596462852999935 ], [ -76.991300735999971, -9.596658227999967 ], [ -76.99159961099997, -9.596677727999975 ], [ -76.991898485999968, -9.596695352999973 ], [ -76.992066360999956, -9.596789102999935 ], [ -76.992066360999956, -9.596900352999967 ], [ -76.992103485999962, -9.597236352999971 ], [ -76.992009735999943, -9.597515602999977 ], [ -76.991992235999987, -9.597871102999932 ], [ -76.99197273599998, -9.598150227999952 ], [ -76.992197235999981, -9.598765602999947 ], [ -76.992271485999936, -9.599099602999956 ], [ -76.992271485999936, -9.599380852999957 ], [ -76.992382860999953, -9.59977147799998 ], [ -76.992624985999953, -9.600162102999946 ], [ -76.992810485999939, -9.600349602999927 ], [ -76.993128860999946, -9.600517602999957 ], [ -76.993929735999984, -9.601001977999942 ], [ -76.994097610999972, -9.601169977999973 ], [ -76.994470735999982, -9.601523477999933 ], [ -76.99473048599998, -9.602007852999975 ], [ -76.995011735999981, -9.602417977999949 ], [ -76.995140610999954, -9.602753852999967 ], [ -76.995214860999965, -9.603033227999958 ], [ -76.995160110999961, -9.603331977999972 ], [ -76.995271485999979, -9.603443352999932 ], [ -76.99566411099994, -9.603499977999945 ], [ -76.995943360999945, -9.603499977999945 ], [ -76.996874985999966, -9.60346097799993 ], [ -76.997712860999968, -9.603611352999962 ], [ -76.998347610999986, -9.603611352999962 ], [ -76.999017610999942, -9.603816227999971 ], [ -76.999656235999964, -9.604226602999972 ], [ -77.000376985999935, -9.60444535299996 ], [ -77.000988235999955, -9.604619102999948 ], [ -77.001337860999968, -9.604706977999967 ], [ -77.001511860999983, -9.604910102999952 ], [ -77.00168748599998, -9.605201227999942 ], [ -77.001861360999953, -9.605638727999974 ], [ -77.002037110999936, -9.60587110299997 ], [ -77.002706985999964, -9.606453102999978 ], [ -77.003492235999943, -9.606831977999946 ], [ -77.00413286099996, -9.607093727999938 ], [ -77.005037110999979, -9.607357477999926 ], [ -77.006376985999964, -9.607328102999929 ], [ -77.007017485999938, -9.60764847799993 ], [ -77.007599610999989, -9.607939477999935 ], [ -77.008240235999949, -9.608083977999968 ], [ -77.009288985999945, -9.608580102999952 ], [ -77.010199235999949, -9.609345852999979 ], [ -77.01080273599996, -9.609394477999956 ], [ -77.011996110999974, -9.609773602999951 ], [ -77.012665985999945, -9.60997847799996 ], [ -77.013306610999962, -9.610531227999957 ], [ -77.013861360999954, -9.611812477999933 ], [ -77.014064485999938, -9.612570352999967 ], [ -77.014122985999961, -9.612919977999979 ], [ -77.014152485999944, -9.613414102999968 ], [ -77.014365235999946, -9.61364260299996 ], [ -77.015296860999968, -9.614269477999926 ], [ -77.016281235999941, -9.614318227999945 ], [ -77.016914110999949, -9.614142602999948 ], [ -77.017806610999969, -9.613587852999956 ], [ -77.018632860999958, -9.612958977999938 ], [ -77.019228485999975, -9.612396477999937 ], [ -77.019941360999951, -9.612164102999941 ], [ -77.020636735999972, -9.611982477999959 ], [ -77.021613235999951, -9.611451227999964 ], [ -77.023037110999951, -9.610839852999959 ], [ -77.023673860999963, -9.610658227999977 ], [ -77.024167985999952, -9.610796852999954 ], [ -77.024529235999978, -9.611210977999974 ], [ -77.024710985999945, -9.611675727999966 ], [ -77.024917985999934, -9.611960977999956 ], [ -77.025511735999942, -9.612581852999938 ], [ -77.025822235999954, -9.612917977999928 ], [ -77.026753860999975, -9.613304727999946 ], [ -77.027660110999989, -9.613357477999955 ], [ -77.028615235999951, -9.613175727999931 ], [ -77.02923636099996, -9.612996102999944 ], [ -77.029367235999985, -9.613253852999947 ], [ -77.029289110999969, -9.613771477999933 ], [ -77.02918548599996, -9.614236477999953 ], [ -77.029367235999985, -9.614753852999968 ], [ -77.029572235999979, -9.615296852999961 ], [ -77.029546735999986, -9.615943352999977 ], [ -77.029650360999938, -9.616589852999937 ], [ -77.029831985999976, -9.61726172799996 ], [ -77.030089860999965, -9.61770310299994 ], [ -77.030867235999949, -9.617910102999929 ], [ -77.031253860999982, -9.618245977999948 ], [ -77.031642610999938, -9.619046852999929 ], [ -77.031796860999975, -9.619642602999932 ], [ -77.032857360999969, -9.620003852999957 ], [ -77.033892610999942, -9.620314477999955 ], [ -77.034513610999966, -9.620910102999972 ], [ -77.035910110999964, -9.621503852999979 ], [ -77.036453110999958, -9.622021477999965 ], [ -77.037880860999962, -9.622589852999965 ], [ -77.03851561099998, -9.622984352999936 ], [ -77.039152360999935, -9.623701227999959 ], [ -77.039816360999964, -9.624617227999977 ], [ -77.040328110999951, -9.625277352999944 ], [ -77.042015610999954, -9.626587852999933 ], [ -77.043929735999939, -9.627498102999937 ], [ -77.044974610999986, -9.628298852999933 ], [ -77.045677735999959, -9.629152352999938 ], [ -77.047150360999979, -9.632531227999948 ], [ -77.047396485999968, -9.634943352999926 ], [ -77.047164110999972, -9.635865227999943 ], [ -77.046074235999981, -9.637599602999956 ], [ -77.045554735999985, -9.638117227999942 ], [ -77.044638610999982, -9.639849602999959 ], [ -77.044304735999958, -9.64094535299995 ], [ -77.044081985999981, -9.642900352999959 ], [ -77.044433610999988, -9.644044977999954 ], [ -77.045310485999948, -9.645533227999977 ], [ -77.046769218999941, -9.646521234999966 ], [ -77.046830110999963, -9.646562477999964 ], [ -77.047878985999944, -9.646974477999947 ], [ -77.048488235999969, -9.64746097799997 ], [ -77.048540985999978, -9.647781227999928 ], [ -77.048540985999978, -9.649033227999951 ], [ -77.048658235999937, -9.649505852999937 ], [ -77.048439610999935, -9.650099602999944 ], [ -77.047949235999965, -9.65099410299996 ], [ -77.047728485999983, -9.651519477999955 ], [ -77.047626985999955, -9.65261910299995 ], [ -77.047408235999967, -9.653294977999963 ], [ -77.047372985999971, -9.653734352999948 ], [ -77.047306610999954, -9.653937477999932 ], [ -77.047001985999941, -9.654089852999959 ], [ -77.046628860999988, -9.654275352999946 ], [ -77.046425735999946, -9.65447847799993 ], [ -77.046189485999946, -9.654833977999942 ], [ -77.045869110999945, -9.655408227999942 ], [ -77.045597610999948, -9.655915977999939 ], [ -77.04563086099995, -9.656220602999952 ], [ -77.045615235999946, -9.656456977999937 ], [ -77.045394360999978, -9.65669335299998 ], [ -77.04505661099995, -9.656880852999961 ], [ -77.04476948599995, -9.656964852999977 ], [ -77.044330110999965, -9.656896477999965 ], [ -77.043789235999952, -9.656914102999963 ], [ -77.043484360999969, -9.657048977999978 ], [ -77.042874985999958, -9.657371102999946 ], [ -77.042130860999976, -9.657894477999946 ], [ -77.041945485999975, -9.658181602999946 ], [ -77.041353485999934, -9.658859352999968 ], [ -77.040812485999936, -9.660464852999951 ], [ -77.040642610999953, -9.661361352999961 ], [ -77.040540985999939, -9.662140602999955 ], [ -77.040456985999981, -9.662460977999956 ], [ -77.040540985999939, -9.662917977999939 ], [ -77.040777360999982, -9.66398247799998 ], [ -77.040812485999936, -9.665251977999958 ], [ -77.040964860999964, -9.666249977999939 ], [ -77.041081985999938, -9.666925727999967 ], [ -77.040947235999965, -9.667484352999963 ], [ -77.040761735999979, -9.668007852999949 ], [ -77.040169860999981, -9.668972602999929 ], [ -77.039728360999959, -9.669648477999942 ], [ -77.039222610999957, -9.67032422799997 ], [ -77.038900235999961, -9.670562477999965 ], [ -77.038511735999975, -9.670849602999965 ], [ -77.038173860999962, -9.671423852999965 ], [ -77.037886735999962, -9.671999977999974 ], [ -77.037744110999938, -9.673021477999953 ], [ -77.037451110999939, -9.673382852999964 ], [ -77.036884735999934, -9.673675727999978 ], [ -77.03643361099995, -9.674535102999926 ], [ -77.036343735999935, -9.675392602999977 ], [ -77.035824235999939, -9.675980477999929 ], [ -77.035101610999959, -9.676861352999936 ], [ -77.034492235999949, -9.67760747799997 ], [ -77.03428123599997, -9.678107352999973 ], [ -77.033839860999933, -9.679107477999935 ], [ -77.033328110999946, -9.679771477999964 ], [ -77.03310161099995, -9.680134727999928 ], [ -77.032955110999978, -9.680482477999931 ], [ -77.03285948599995, -9.680908227999964 ], [ -77.032787110999948, -9.681382852999945 ], [ -77.032728485999939, -9.681716852999955 ], [ -77.032533235999949, -9.682597727999962 ], [ -77.032374985999979, -9.682874977999973 ], [ -77.031933610999943, -9.683576227999936 ], [ -77.031501985999967, -9.684029352999971 ], [ -77.030874985999958, -9.684818352999969 ], [ -77.030580110999949, -9.685656227999971 ], [ -77.030349610999963, -9.68590235299996 ], [ -77.030193360999988, -9.686330102999932 ], [ -77.03020111099994, -9.686652352999943 ], [ -77.030267485999957, -9.68687297799994 ], [ -77.030390610999973, -9.687292977999959 ], [ -77.030546860999948, -9.687548852999953 ], [ -77.030587985999944, -9.687697227999934 ], [ -77.030572235999955, -9.688107477999949 ], [ -77.030396485999972, -9.688330102999942 ], [ -77.029978485999948, -9.689529352999955 ], [ -77.029085985999984, -9.690359352999963 ], [ -77.028497985999934, -9.690703102999976 ], [ -77.027972610999939, -9.691109352999945 ], [ -77.027871110999968, -9.691472602999966 ], [ -77.02789848599997, -9.692060602999959 ], [ -77.02785161099996, -9.692484352999941 ], [ -77.02785161099996, -9.692621102999965 ], [ -77.027790985999957, -9.692982477999976 ], [ -77.027746110999942, -9.693285102999937 ], [ -77.027777360999949, -9.693496102999973 ], [ -77.027927735999981, -9.693814477999979 ], [ -77.028109360999963, -9.694025352999972 ], [ -77.028169860999981, -9.694222727999943 ], [ -77.028154235999978, -9.694388727999979 ], [ -77.027732360999948, -9.694767602999946 ], [ -77.027412111, -9.694767602999946 ], [ -77.027109360999987, -9.695070352999949 ], [ -77.026902360999941, -9.695353477999959 ], [ -77.026882860999933, -9.69582622799993 ], [ -77.026921860999948, -9.696222602999967 ], [ -77.026865235999935, -9.696638727999925 ], [ -77.026882860999933, -9.697035102999962 ], [ -77.026732360999972, -9.697279352999942 ], [ -77.026449235999962, -9.697488227999941 ], [ -77.025976610999976, -9.697751977999928 ], [ -77.025466735999942, -9.697790977999944 ], [ -77.025107360999982, -9.697978477999982 ], [ -77.024804735999965, -9.698261727999977 ], [ -77.024238235999974, -9.698904352999932 ], [ -77.023974610999971, -9.699169977999929 ], [ -77.023841735999952, -9.699640602999978 ], [ -77.023728485999982, -9.700113227999964 ], [ -77.023691360999976, -9.700359352999953 ], [ -77.023181610999984, -9.701001977999965 ], [ -77.02280273599996, -9.701302727999973 ], [ -77.022539110999958, -9.701568352999971 ], [ -77.022330235999959, -9.701964852999936 ], [ -77.02227348599996, -9.702248102999931 ], [ -77.022499985999957, -9.702455102999977 ], [ -77.023105360999978, -9.702794977999929 ], [ -77.023312485999952, -9.703249977999974 ], [ -77.023708985999974, -9.703853477999928 ], [ -77.023841735999952, -9.704326227999957 ], [ -77.024152110999978, -9.704649727999936 ], [ -77.024821735999979, -9.705075852999926 ], [ -77.025876985999957, -9.705522352999935 ], [ -77.026824360999967, -9.705923227999961 ], [ -77.02780473599995, -9.706719602999954 ], [ -77.028372985999965, -9.707551602999956 ], [ -77.029286110999976, -9.707856102999926 ], [ -77.031315485999983, -9.708119852999971 ], [ -77.032381860999976, -9.708554227999969 ], [ -77.03351786099995, -9.709016727999938 ], [ -77.034327735999966, -9.709346602999972 ], [ -77.03474511099995, -9.71004772799995 ], [ -77.034846485999935, -9.71116385299996 ], [ -77.034704360999967, -9.711650852999981 ], [ -77.034513985999979, -9.712304227999937 ], [ -77.034384735999936, -9.712703227999953 ], [ -77.03415236099994, -9.713420102999976 ], [ -77.034298485999955, -9.714410727999962 ], [ -77.034562360999985, -9.715344227999935 ], [ -77.035085735999985, -9.717196102999935 ], [ -77.035698860999958, -9.718854852999925 ], [ -77.035658110999975, -9.719321602999969 ], [ -77.035077610999963, -9.719902227999967 ], [ -77.034846485999935, -9.720133352999937 ], [ -77.033872985999949, -9.721312477999959 ], [ -77.032806735999941, -9.721978477999926 ], [ -77.029344610999942, -9.723292852999975 ], [ -77.029040110999972, -9.723449977999962 ], [ -77.028230985999983, -9.723867227999961 ], [ -77.027277235999975, -9.725023977999967 ], [ -77.026736360999962, -9.72610935299997 ], [ -77.025471110999945, -9.728636102999928 ], [ -77.025755235999952, -9.729001352999944 ], [ -77.026359360999948, -9.729275352999935 ], [ -77.027769485999954, -9.729601602999935 ], [ -77.028572235999945, -9.730183602999944 ], [ -77.029976610999938, -9.732056602999933 ], [ -77.030654235999975, -9.733814477999942 ], [ -77.029995110999948, -9.734583852999947 ], [ -77.028841985999975, -9.735929977999945 ], [ -77.028980485999966, -9.736866852999981 ], [ -77.029579360999946, -9.737959352999951 ], [ -77.02958298599998, -9.739054602999943 ], [ -77.029202485999974, -9.740861977999941 ], [ -77.028029235999952, -9.74311322799997 ], [ -77.027769360999969, -9.743379102999938 ], [ -77.026634110999964, -9.744540102999963 ], [ -77.026760985999942, -9.746315727999956 ], [ -77.026221985999939, -9.74853522799998 ], [ -77.026165610999954, -9.749437727999975 ], [ -77.026109860999952, -9.75033297799996 ], [ -77.02691948599994, -9.75100847799996 ], [ -77.028346361, -9.751832852999939 ], [ -77.029018485999984, -9.752687102999971 ], [ -77.029868360999956, -9.753767102999973 ], [ -77.030773860999943, -9.754917727999953 ], [ -77.030978360999939, -9.755177727999978 ], [ -77.030952110999976, -9.755351102999953 ], [ -77.030851236, -9.756018352999945 ], [ -77.030026860999953, -9.757825727999943 ], [ -77.029519610999955, -9.759474477999959 ], [ -77.028695110999934, -9.760172102999945 ], [ -77.028187860999935, -9.760869602999946 ], [ -77.028092735999962, -9.761693977999926 ], [ -77.028011985999967, -9.762393352999936 ], [ -77.027927860999966, -9.763122727999928 ], [ -77.027632860999972, -9.763626977999934 ], [ -77.027798860999951, -9.764121102999979 ], [ -77.028634735999958, -9.765310602999932 ], [ -77.030785110999943, -9.767494102999933 ], [ -77.033576110999945, -9.77221485299998 ], [ -77.037087860999975, -9.775708977999955 ], [ -77.038046860999941, -9.778134727999941 ], [ -77.038841735999938, -9.779097602999968 ], [ -77.043412110999952, -9.77961322799996 ], [ -77.045183235999957, -9.78011622799994 ], [ -77.046356985999978, -9.780449602999965 ], [ -77.047307610999951, -9.78109922799996 ], [ -77.04946373599995, -9.782874852999953 ], [ -77.049305235999952, -9.78357247799994 ], [ -77.048913235999976, -9.785297227999934 ], [ -77.049562360999971, -9.786158102999934 ], [ -77.049584610999943, -9.786836477999941 ], [ -77.049074360999953, -9.788959352999939 ], [ -77.048563985999976, -9.789734977999956 ], [ -77.048149985999942, -9.790495727999939 ], [ -77.047808735999979, -9.791122977999976 ], [ -77.046869860999948, -9.792061977999936 ], [ -77.046461610999984, -9.792858102999958 ], [ -77.046665735999966, -9.793674477999957 ], [ -77.047490235999987, -9.794818352999926 ], [ -77.047714860999974, -9.795179727999937 ], [ -77.048914110999988, -9.795859352999969 ], [ -77.052888610999958, -9.795998102999931 ], [ -77.055441360999964, -9.796876977999943 ], [ -77.056472610999947, -9.797874977999982 ], [ -77.057734235999988, -9.799612602999957 ], [ -77.058749985999953, -9.801011477999964 ], [ -77.059444610999947, -9.801573102999953 ], [ -77.060157235999952, -9.802149227999962 ], [ -77.060610735999944, -9.802075477999949 ], [ -77.062189485999966, -9.801483352999981 ], [ -77.064449985999943, -9.800299352999957 ], [ -77.067322735999937, -9.798794477999934 ], [ -77.06918623599995, -9.797949102999951 ], [ -77.069688610999947, -9.797500602999946 ], [ -77.069975610999961, -9.79703410299993 ], [ -77.070639485999948, -9.796962352999969 ], [ -77.071464735999939, -9.79699822799995 ], [ -77.072164360999977, -9.797177727999951 ], [ -77.073353235999946, -9.797482477999949 ], [ -77.074492110999984, -9.797466977999932 ], [ -77.075299485999949, -9.797242727999958 ], [ -77.076060610999946, -9.797031102999938 ], [ -77.077788735999945, -9.797489352999946 ], [ -77.079015860999959, -9.797814727999935 ], [ -77.080771360999961, -9.79843122799997 ], [ -77.081651360999956, -9.798740352999971 ], [ -77.082363485999963, -9.799417977999951 ], [ -77.082385985999963, -9.800247727999931 ], [ -77.082722360999981, -9.800427102999947 ], [ -77.08395573599995, -9.800359852999975 ], [ -77.085278860999949, -9.800001102999943 ], [ -77.086226735999958, -9.800105477999978 ], [ -77.08783411099995, -9.800743227999931 ], [ -77.089248235999946, -9.801772727999946 ], [ -77.089812860999984, -9.801979727999935 ], [ -77.09059373599996, -9.80226597799998 ], [ -77.093420610999942, -9.803302602999963 ], [ -77.094585485999971, -9.803880727999967 ], [ -77.096693485999936, -9.804553477999946 ], [ -77.097971860999962, -9.805248602999939 ], [ -77.098980860999973, -9.806212977999962 ], [ -77.099720985999966, -9.807356727999945 ], [ -77.099810610999953, -9.807894852999937 ], [ -77.099581735999948, -9.808374602999947 ], [ -77.099339735999934, -9.808881602999975 ], [ -77.098913610999944, -9.810563477999949 ], [ -77.098487485999954, -9.812850977999972 ], [ -77.098644485999955, -9.813433852999935 ], [ -77.099272360999976, -9.814398227999959 ], [ -77.099951235999981, -9.815440727999942 ], [ -77.100334860999965, -9.81602997799996 ], [ -77.100931860999935, -9.817201477999959 ], [ -77.101089985999977, -9.817511602999957 ], [ -77.10099923599995, -9.818255477999969 ], [ -77.100730110999962, -9.819107602999964 ], [ -77.100617985999975, -9.819914977999929 ], [ -77.100172735999934, -9.820805477999954 ], [ -77.099900360999982, -9.821350227999972 ], [ -77.099285610999971, -9.822579602999951 ], [ -77.098823860999971, -9.824557102999961 ], [ -77.097994110999934, -9.826216602999978 ], [ -77.097231735999969, -9.82733785299996 ], [ -77.096879485999978, -9.827635852999947 ], [ -77.095209985999986, -9.829048477999947 ], [ -77.094979735999971, -9.829969477999953 ], [ -77.094170985999938, -9.832306727999935 ], [ -77.093453235999959, -9.835754602999941 ], [ -77.092793735999976, -9.836754477999932 ], [ -77.093733235999935, -9.83821422799997 ], [ -77.094519360999982, -9.83943560299997 ], [ -77.094876985999974, -9.840815477999968 ], [ -77.095645610999952, -9.841103602999965 ], [ -77.096477110999956, -9.841140602999928 ], [ -77.097733610999967, -9.841380852999976 ], [ -77.09946211099998, -9.841156227999932 ], [ -77.10198361099998, -9.841251477999947 ], [ -77.102833610999937, -9.841103602999965 ], [ -77.104681360999962, -9.839976602999968 ], [ -77.105272735999961, -9.839754727999946 ], [ -77.106267360999936, -9.83915572799998 ], [ -77.107822735999946, -9.837685227999941 ], [ -77.108210736, -9.837204727999961 ], [ -77.108857485999977, -9.837001477999934 ], [ -77.109688985999981, -9.837371102999953 ], [ -77.110372610999946, -9.837278727999944 ], [ -77.112183485999935, -9.835763477999933 ], [ -77.115435610999953, -9.833176477999928 ], [ -77.11589761099998, -9.83315810299996 ], [ -77.116636735999975, -9.833952602999943 ], [ -77.118281235999973, -9.834691727999939 ], [ -77.119077485999981, -9.835487852999961 ], [ -77.120812735999948, -9.837223227999971 ], [ -77.121773610999981, -9.838073227999928 ], [ -77.12385711099995, -9.839341227999967 ], [ -77.12517361099998, -9.839618477999977 ], [ -77.12644398599997, -9.839202727999975 ], [ -77.127053860999979, -9.83852785299996 ], [ -77.127737485999944, -9.837400977999948 ], [ -77.128545985999949, -9.837054602999956 ], [ -77.130024110999955, -9.836939102999963 ], [ -77.131960610999954, -9.836787852999976 ], [ -77.136041610999939, -9.836083602999963 ], [ -77.140408110999942, -9.834444352999981 ], [ -77.141661235999948, -9.833231977999958 ], [ -77.141660985999977, -9.83322960299995 ], [ -77.141653110999982, -9.833165477999955 ], [ -77.141506235999941, -9.831962227999952 ], [ -77.141283735999934, -9.830138477999981 ], [ -77.141361110999981, -9.827772227999958 ], [ -77.141228985999987, -9.826159477999965 ], [ -77.141175360999966, -9.825504352999928 ], [ -77.141597110999953, -9.824288602999957 ], [ -77.141807360999962, -9.823682477999967 ], [ -77.142009485999949, -9.821989352999935 ], [ -77.140766360999976, -9.820187727999951 ], [ -77.139873985999941, -9.819115352999972 ], [ -77.139300735999939, -9.817930602999979 ], [ -77.138305610999964, -9.815873977999956 ], [ -77.137239110999985, -9.813929227999949 ], [ -77.136530985999968, -9.81166972799997 ], [ -77.135754360999954, -9.809600477999936 ], [ -77.135252485999956, -9.808617602999959 ], [ -77.134206860999939, -9.807279352999956 ], [ -77.134018735999973, -9.806066477999934 ], [ -77.133965735999936, -9.804710102999934 ], [ -77.133433110999988, -9.803745227999968 ], [ -77.132973110999956, -9.802636852999967 ], [ -77.133265860999984, -9.801863227999945 ], [ -77.133599735999951, -9.801381977999938 ], [ -77.133976860999951, -9.800838477999946 ], [ -77.134813360999942, -9.798663727999951 ], [ -77.135117360999971, -9.797695102999967 ], [ -77.135324985999944, -9.796034477999967 ], [ -77.13537798599998, -9.795610602999943 ], [ -77.135628860999987, -9.795025102999944 ], [ -77.136095360999946, -9.794425352999951 ], [ -77.136507235999943, -9.793895852999981 ], [ -77.136718360999964, -9.793123977999926 ], [ -77.137113610999961, -9.791679227999964 ], [ -77.137929235999934, -9.790173477999929 ], [ -77.138393485999984, -9.789624727999978 ], [ -77.139079360999972, -9.788814227999978 ], [ -77.138957860999938, -9.788049352999963 ], [ -77.138870235999946, -9.787496852999936 ], [ -77.138433985999939, -9.785831727999948 ], [ -77.137945360999936, -9.784426727999971 ], [ -77.137676235999947, -9.78308747799997 ], [ -77.137373735999972, -9.781581977999963 ], [ -77.137337235999951, -9.781400227999939 ], [ -77.137226110999961, -9.780847102999928 ], [ -77.13698848599995, -9.779664102999959 ], [ -77.13651011099995, -9.778321977999951 ], [ -77.135632235999935, -9.776892602999965 ], [ -77.134308110999939, -9.774736977999964 ], [ -77.13420423599996, -9.774483852999936 ], [ -77.134166360999984, -9.774391227999956 ], [ -77.134073610999963, -9.774165102999973 ], [ -77.133959985999979, -9.773689977999936 ], [ -77.134019985999942, -9.773479977999955 ], [ -77.134059985999954, -9.773349977999942 ], [ -77.134159985999986, -9.773139977999961 ], [ -77.134199985999942, -9.773009977999948 ], [ -77.134199985999942, -9.772829977999947 ], [ -77.134209985999973, -9.772309977999953 ], [ -77.13422998599998, -9.77217997799994 ], [ -77.134259985999961, -9.772029977999978 ], [ -77.134529985999961, -9.771239977999926 ], [ -77.134609985999987, -9.771009977999938 ], [ -77.134829985999943, -9.770549977999963 ], [ -77.134899985999937, -9.770459977999963 ], [ -77.135799985999938, -9.768709977999947 ], [ -77.135889985999938, -9.768519977999972 ], [ -77.135919985999976, -9.768399977999934 ], [ -77.135939985999983, -9.768209977999959 ], [ -77.135949985999957, -9.768069977999971 ], [ -77.135929985999951, -9.767789977999939 ], [ -77.13589998599997, -9.76752997799997 ], [ -77.135759985999982, -9.766349977999937 ], [ -77.135629985999969, -9.764959977999979 ], [ -77.135629985999969, -9.764709977999928 ], [ -77.135639985999944, -9.764319977999946 ], [ -77.135649985999976, -9.764179977999959 ], [ -77.135679985999957, -9.76402997799994 ], [ -77.135769985999957, -9.763929977999965 ], [ -77.135799985999938, -9.763509977999945 ], [ -77.135939985999983, -9.762979977999976 ], [ -77.136009985999976, -9.762819977999982 ], [ -77.136249985999939, -9.762369977999981 ], [ -77.136449985999946, -9.761899977999974 ], [ -77.136519985999939, -9.761699977999967 ], [ -77.136609985999939, -9.761349977999942 ], [ -77.136629985999946, -9.761189977999948 ], [ -77.136629985999946, -9.761019977999979 ], [ -77.136619985999971, -9.760879977999934 ], [ -77.136569985999984, -9.760579977999953 ], [ -77.136549985999977, -9.760459977999972 ], [ -77.136539985999946, -9.760139977999927 ], [ -77.136549985999977, -9.760019977999946 ], [ -77.136569985999984, -9.759939977999977 ], [ -77.136609985999939, -9.759869977999927 ], [ -77.136769985999933, -9.759569977999945 ], [ -77.136829985999952, -9.759449977999964 ], [ -77.13687998599994, -9.759329977999926 ], [ -77.13696998599994, -9.759029977999944 ], [ -77.136989985999946, -9.758889977999956 ], [ -77.136999985999978, -9.758799977999956 ], [ -77.137009985999953, -9.758409977999975 ], [ -77.137029985999959, -9.758129977999943 ], [ -77.137079985999947, -9.757959977999974 ], [ -77.13723998599994, -9.757519977999948 ], [ -77.137269985999978, -9.757399977999967 ], [ -77.137289985999985, -9.757269977999954 ], [ -77.137309985999934, -9.757139977999941 ], [ -77.137329985999941, -9.756769977999966 ], [ -77.137379985999985, -9.756339977999971 ], [ -77.137399985999934, -9.755899977999945 ], [ -77.137419985999941, -9.75570997799997 ], [ -77.137489985999935, -9.755339977999938 ], [ -77.137519985999973, -9.754969977999963 ], [ -77.137519985999973, -9.754849977999982 ], [ -77.137559985999985, -9.754669977999981 ], [ -77.13765998599996, -9.754169977999936 ], [ -77.137709985999948, -9.753789977999929 ], [ -77.137789985999973, -9.753479977999973 ], [ -77.137819985999954, -9.753289977999941 ], [ -77.13783998599996, -9.753039977999947 ], [ -77.137829985999986, -9.752789977999953 ], [ -77.137799985999948, -9.752609977999953 ], [ -77.137739985999985, -9.752419977999978 ], [ -77.137639985999954, -9.752179977999958 ], [ -77.137379985999985, -9.751669977999939 ], [ -77.137369985999953, -9.751599977999945 ], [ -77.137349985999947, -9.751459977999957 ], [ -77.137329985999941, -9.751399977999938 ], [ -77.137279985999953, -9.751329977999944 ], [ -77.137249985999972, -9.751309977999938 ], [ -77.137209985999959, -9.751299977999963 ], [ -77.136889985999971, -9.750669977999962 ], [ -77.136809985999946, -9.750529977999975 ], [ -77.136779985999965, -9.750429977999943 ], [ -77.136749985999984, -9.750289977999955 ], [ -77.136649985999952, -9.749839977999954 ], [ -77.136629985999946, -9.749709977999942 ], [ -77.136629985999946, -9.749619977999942 ], [ -77.136669985999958, -9.749279977999947 ], [ -77.13669998599994, -9.749149977999934 ], [ -77.136939985999959, -9.748319977999927 ], [ -77.137069985999972, -9.747839977999945 ], [ -77.137099985999953, -9.74773997799997 ], [ -77.13714998599994, -9.74731997799995 ], [ -77.137249985999972, -9.746919977999937 ], [ -77.137259985999947, -9.746819977999962 ], [ -77.137289985999985, -9.746609977999981 ], [ -77.137289985999985, -9.746219977999942 ], [ -77.137269985999978, -9.745989977999955 ], [ -77.137209985999959, -9.745689977999973 ], [ -77.137189985999953, -9.745479977999935 ], [ -77.136949985999934, -9.743989977999945 ], [ -77.136939985999959, -9.743779977999964 ], [ -77.136959985999965, -9.743339977999938 ], [ -77.13696998599994, -9.74319997799995 ], [ -77.136999985999978, -9.74310997799995 ], [ -77.137129985999934, -9.742719977999968 ], [ -77.137179985999978, -9.742589977999955 ], [ -77.137289985999985, -9.742389977999949 ], [ -77.137519985999973, -9.741989977999935 ], [ -77.137589985999966, -9.741859977999979 ], [ -77.137609985999973, -9.741769977999979 ], [ -77.137609985999973, -9.741589977999979 ], [ -77.137619985999947, -9.741539977999935 ], [ -77.137669985999935, -9.741499977999979 ], [ -77.137679985999966, -9.741479977999973 ], [ -77.137729985999954, -9.741319977999979 ], [ -77.137759985999935, -9.741289977999941 ], [ -77.137819985999954, -9.741249977999928 ], [ -77.137879985999973, -9.741149977999953 ], [ -77.138219985999967, -9.740459977999933 ], [ -77.138289985999961, -9.740299977999939 ], [ -77.138329985999974, -9.740179977999958 ], [ -77.138369985999987, -9.739979977999951 ], [ -77.138379985999961, -9.73985997799997 ], [ -77.138379985999961, -9.739629977999925 ], [ -77.13843998599998, -9.73925997799995 ], [ -77.138369985999987, -9.739059977999943 ], [ -77.138379985999961, -9.738919977999956 ], [ -77.138409985999942, -9.738499977999936 ], [ -77.13843998599998, -9.738399977999961 ], [ -77.138469985999961, -9.738249977999942 ], [ -77.138639985999987, -9.737729977999948 ], [ -77.138819985999987, -9.737229977999959 ], [ -77.138849985999968, -9.737099977999947 ], [ -77.138859985999943, -9.736999977999972 ], [ -77.138799985999981, -9.736359977999939 ], [ -77.138719985999955, -9.735789977999957 ], [ -77.138599985999974, -9.735309977999975 ], [ -77.138559985999962, -9.735189977999937 ], [ -77.138409985999942, -9.734819977999962 ], [ -77.138339985999949, -9.73471997799993 ], [ -77.138179985999955, -9.734479977999968 ], [ -77.138109985999961, -9.734379977999936 ], [ -77.13798998599998, -9.734149977999948 ], [ -77.137949985999967, -9.734059977999948 ], [ -77.137929985999961, -9.733979977999979 ], [ -77.137809985999979, -9.733809977999954 ], [ -77.137879985999973, -9.733419977999972 ], [ -77.137899985999979, -9.733249977999947 ], [ -77.137939985999935, -9.732829977999927 ], [ -77.137969985999973, -9.732469977999926 ], [ -77.137999985999954, -9.732349977999945 ], [ -77.138099985999986, -9.732079977999945 ], [ -77.138159985999948, -9.731819977999976 ], [ -77.138209985999936, -9.731699977999938 ], [ -77.13852998599998, -9.730999977999943 ], [ -77.138649985999962, -9.730649977999974 ], [ -77.138699985999949, -9.73048997799998 ], [ -77.138769985999943, -9.730129977999979 ], [ -77.138789985999949, -9.730009977999941 ], [ -77.138849985999968, -9.729859977999979 ], [ -77.139049985999975, -9.729339977999928 ], [ -77.139079985999956, -9.729239977999953 ], [ -77.139099985999962, -9.729139977999978 ], [ -77.139109985999937, -9.729039977999946 ], [ -77.139039985999943, -9.727669977999938 ], [ -77.139029985999969, -9.72710997799993 ], [ -77.139019985999937, -9.726939977999962 ], [ -77.13896998599995, -9.726679977999936 ], [ -77.138949985999943, -9.726609977999942 ], [ -77.138889985999981, -9.726529977999974 ], [ -77.138399985999968, -9.726049977999935 ], [ -77.138409985999942, -9.725929977999954 ], [ -77.138269985999955, -9.725609977999966 ], [ -77.138219985999967, -9.725509977999934 ], [ -77.138189985999986, -9.725409977999959 ], [ -77.138129985999967, -9.725149977999934 ], [ -77.138109985999961, -9.724939977999952 ], [ -77.138099985999986, -9.724749977999977 ], [ -77.138099985999986, -9.724569977999977 ], [ -77.138109985999961, -9.724319977999926 ], [ -77.138149985999974, -9.724129977999951 ], [ -77.138249985999948, -9.723699977999956 ], [ -77.13825998599998, -9.723659977999944 ], [ -77.13825998599998, -9.723579977999975 ], [ -77.138239985999974, -9.72349997799995 ], [ -77.138139985999942, -9.72298997799993 ], [ -77.138109985999961, -9.72287997799998 ], [ -77.138059985999973, -9.722749977999968 ], [ -77.138049985999942, -9.722669977999942 ], [ -77.138029985999935, -9.72251997799998 ], [ -77.13798998599998, -9.72242997799998 ], [ -77.137969985999973, -9.722349977999954 ], [ -77.137799985999948, -9.721459977999928 ], [ -77.137679985999966, -9.720979977999946 ], [ -77.137619985999947, -9.720869977999939 ], [ -77.137499985999966, -9.720669977999933 ], [ -77.137419985999941, -9.720579977999932 ], [ -77.137229985999966, -9.720409977999964 ], [ -77.137109985999984, -9.720319977999964 ], [ -77.136709985999971, -9.720059977999938 ], [ -77.136609985999939, -9.719979977999969 ], [ -77.136519985999939, -9.719889977999969 ], [ -77.136389985999983, -9.719699977999937 ], [ -77.136319986, -9.719589977999931 ], [ -77.136279985999977, -9.71946997799995 ], [ -77.136219985999958, -9.719069977999936 ], [ -77.136199985999951, -9.718889977999936 ], [ -77.136209985999983, -9.71877997799993 ], [ -77.136239985999964, -9.718589977999954 ], [ -77.13625998599997, -9.718519977999961 ], [ -77.136319986, -9.718419977999929 ], [ -77.136449985999946, -9.718219977999979 ], [ -77.136509985999965, -9.718119977999947 ], [ -77.136559985999952, -9.71797997799996 ], [ -77.136629985999946, -9.71773997799994 ], [ -77.136639985999977, -9.717589977999978 ], [ -77.136639985999977, -9.71737997799994 ], [ -77.136609985999939, -9.716889977999926 ], [ -77.136619985999971, -9.716619977999926 ], [ -77.136639985999977, -9.716519977999951 ], [ -77.136679985999933, -9.716449977999957 ], [ -77.136759985999959, -9.716269977999957 ], [ -77.136849985999959, -9.716129977999969 ], [ -77.136939985999959, -9.716009977999931 ], [ -77.137229985999966, -9.715849977999937 ], [ -77.13723998599994, -9.715679977999969 ], [ -77.137399985999934, -9.715479977999962 ], [ -77.137449985999979, -9.715369977999956 ], [ -77.137609985999973, -9.71499997799998 ], [ -77.137649985999985, -9.714879977999942 ], [ -77.137689985999941, -9.714749977999929 ], [ -77.137799985999948, -9.71412997799996 ], [ -77.137919985999986, -9.713139977999958 ], [ -77.137919985999986, -9.713009977999945 ], [ -77.137919985999986, -9.712889977999964 ], [ -77.137889985999948, -9.71263997799997 ], [ -77.137859985999967, -9.71245997799997 ], [ -77.13783998599996, -9.71236997799997 ], [ -77.137809985999979, -9.712299977999976 ], [ -77.137709985999948, -9.712109977999944 ], [ -77.13765998599996, -9.711959977999982 ], [ -77.137639985999954, -9.711939977999975 ], [ -77.137599985999941, -9.711909977999937 ], [ -77.137589985999966, -9.711879977999956 ], [ -77.137549985999954, -9.711519977999956 ], [ -77.137549985999954, -9.711269977999962 ], [ -77.137539985999979, -9.71114997799998 ], [ -77.137519985999973, -9.711029977999942 ], [ -77.137439985999947, -9.710769977999973 ], [ -77.137409985999966, -9.710659977999967 ], [ -77.137319985999966, -9.710199977999935 ], [ -77.137259985999947, -9.709999977999928 ], [ -77.137219985999934, -9.709909977999928 ], [ -77.137179985999978, -9.709829977999959 ], [ -77.137099985999953, -9.709709977999978 ], [ -77.137039985999934, -9.709649977999959 ], [ -77.136989985999946, -9.70958997799994 ], [ -77.136899985999946, -9.709549977999927 ], [ -77.136809985999946, -9.709459977999927 ], [ -77.136709985999971, -9.709399977999965 ], [ -77.136659985999984, -9.709379977999959 ], [ -77.136579985999958, -9.709209977999933 ], [ -77.136549985999977, -9.709119977999933 ], [ -77.136549985999977, -9.709059977999971 ], [ -77.136559985999952, -9.708989977999977 ], [ -77.136639985999977, -9.708829977999926 ], [ -77.136659985999984, -9.708759977999932 ], [ -77.136659985999984, -9.708729977999951 ], [ -77.136639985999977, -9.708589977999964 ], [ -77.136539985999946, -9.708239977999938 ], [ -77.136519985999939, -9.708109977999982 ], [ -77.136509985999965, -9.707989977999944 ], [ -77.136509985999965, -9.70791997799995 ], [ -77.136529985999971, -9.707809977999943 ], [ -77.136579985999958, -9.707679977999931 ], [ -77.136819985999978, -9.707269977999943 ], [ -77.136919985999953, -9.70702997799998 ], [ -77.136959985999965, -9.706949977999955 ], [ -77.136979985999972, -9.706889977999936 ], [ -77.13696998599994, -9.706769977999954 ], [ -77.136889985999971, -9.706239977999928 ], [ -77.13687998599994, -9.706139977999953 ], [ -77.136889985999971, -9.70591997799994 ], [ -77.136869985999965, -9.705809977999934 ], [ -77.136839985999984, -9.705689977999953 ], [ -77.136769985999933, -9.705539977999933 ], [ -77.13669998599994, -9.705459977999965 ], [ -77.136489985999958, -9.705219977999946 ], [ -77.136459985999977, -9.705189977999964 ], [ -77.136439985999971, -9.705129977999945 ], [ -77.136429985999939, -9.704999977999933 ], [ -77.136419985999964, -9.704969977999951 ], [ -77.136229985999989, -9.704739977999964 ], [ -77.13616998599997, -9.704659977999938 ], [ -77.136039985999957, -9.704379977999963 ], [ -77.136009985999976, -9.704299977999938 ], [ -77.136009985999976, -9.704269977999957 ], [ -77.136009985999976, -9.704229977999944 ], [ -77.136039985999957, -9.704179977999956 ], [ -77.136139985999989, -9.70406997799995 ], [ -77.136219985999958, -9.703999977999956 ], [ -77.136269985999945, -9.703969977999975 ], [ -77.136319986, -9.703929977999962 ], [ -77.136479985999983, -9.703859977999969 ], [ -77.136579985999958, -9.703769977999968 ], [ -77.136709985999971, -9.703719977999981 ], [ -77.136769985999933, -9.703689977999943 ], [ -77.136819985999978, -9.703639977999956 ], [ -77.136899985999946, -9.70355997799993 ], [ -77.136989985999946, -9.703439977999949 ], [ -77.137029985999959, -9.70335997799998 ], [ -77.137049985999965, -9.703279977999955 ], [ -77.13705998599994, -9.703169977999949 ], [ -77.137079985999947, -9.703109977999929 ], [ -77.137469985999985, -9.702539977999947 ], [ -77.137899985999979, -9.701989977999972 ], [ -77.137979985999948, -9.701869977999934 ], [ -77.138109985999961, -9.701539977999971 ], [ -77.138149985999974, -9.701399977999927 ], [ -77.138159985999948, -9.701289977999977 ], [ -77.138139985999942, -9.700989977999939 ], [ -77.138139985999942, -9.700799977999964 ], [ -77.138149985999974, -9.700669977999951 ], [ -77.138199985999961, -9.700429977999931 ], [ -77.138219985999967, -9.700149977999956 ], [ -77.138279985999986, -9.69994997799995 ], [ -77.138279985999986, -9.699879977999956 ], [ -77.138279985999986, -9.699829977999968 ], [ -77.138229985999942, -9.699679977999949 ], [ -77.138149985999974, -9.699489977999974 ], [ -77.138099985999986, -9.699409977999949 ], [ -77.137999985999954, -9.699279977999936 ], [ -77.137949985999967, -9.699179977999961 ], [ -77.137879985999973, -9.699119977999942 ], [ -77.137689985999941, -9.698979977999954 ], [ -77.137379985999985, -9.698789977999979 ], [ -77.137309985999934, -9.69872997799996 ], [ -77.137079985999947, -9.698509977999947 ], [ -77.137009985999953, -9.698429977999979 ], [ -77.136959985999965, -9.698339977999979 ], [ -77.136869985999965, -9.698139977999972 ], [ -77.136739985999952, -9.697879977999946 ], [ -77.136709985999971, -9.697839977999934 ], [ -77.136599985999965, -9.697719977999952 ], [ -77.136539985999946, -9.697619977999977 ], [ -77.136469985999952, -9.697469977999958 ], [ -77.136379985999952, -9.697199977999958 ], [ -77.136329985999964, -9.697079977999977 ], [ -77.136109985999951, -9.696719977999976 ], [ -77.136019985999951, -9.696559977999925 ], [ -77.135969985999964, -9.696479977999957 ], [ -77.135889985999938, -9.696399977999931 ], [ -77.13580998599997, -9.696329977999937 ], [ -77.135699985999963, -9.696249977999969 ], [ -77.135429985999963, -9.696079977999943 ], [ -77.135229985999956, -9.695909977999975 ], [ -77.134909985999968, -9.695609977999936 ], [ -77.134779985999955, -9.695449977999942 ], [ -77.134699985999987, -9.69538997799998 ], [ -77.134669985999949, -9.695339977999936 ], [ -77.134579985999949, -9.695139977999929 ], [ -77.13431998599998, -9.694449977999966 ], [ -77.134269985999936, -9.694269977999966 ], [ -77.134149985999954, -9.693839977999971 ], [ -77.134089985999935, -9.693649977999939 ], [ -77.134019985999942, -9.693489977999945 ], [ -77.133909985999935, -9.693279977999964 ], [ -77.133869985999979, -9.693189977999964 ], [ -77.133749985999941, -9.692719977999957 ], [ -77.133709985999985, -9.692529977999982 ], [ -77.133679985999947, -9.69215997799995 ], [ -77.133669985999973, -9.692029977999937 ], [ -77.133619985999985, -9.691849977999937 ], [ -77.13353998599996, -9.691569977999961 ], [ -77.133489985999972, -9.691329977999942 ], [ -77.133459985999934, -9.691109977999929 ], [ -77.133399985999972, -9.690239977999966 ], [ -77.133369985999934, -9.690079977999972 ], [ -77.13329998599994, -9.689789977999965 ], [ -77.133249985999953, -9.689649977999977 ], [ -77.13311998599994, -9.689399977999926 ], [ -77.133039985999972, -9.689289977999977 ], [ -77.132869985999946, -9.689059977999932 ], [ -77.132809985999984, -9.688959977999957 ], [ -77.132789985999977, -9.688859977999925 ], [ -77.132749985999965, -9.688619977999963 ], [ -77.132749985999965, -9.688539977999937 ], [ -77.132769985999971, -9.688469977999944 ], [ -77.132789985999977, -9.688409977999981 ], [ -77.13293998599994, -9.688149977999956 ], [ -77.133019985999965, -9.688019977999943 ], [ -77.133309985999972, -9.687609977999955 ], [ -77.133459985999934, -9.687269977999961 ], [ -77.13353998599996, -9.687069977999954 ], [ -77.133669985999973, -9.68681997799996 ], [ -77.133959985999979, -9.686349977999953 ], [ -77.134039985999948, -9.686249977999978 ], [ -77.134079985999961, -9.686179977999927 ], [ -77.134119985999973, -9.686079977999952 ], [ -77.134129985999948, -9.685899977999952 ], [ -77.13413998599998, -9.685859977999939 ], [ -77.134209985999973, -9.685779977999971 ], [ -77.134449985999936, -9.685339977999945 ], [ -77.134619985999962, -9.685069977999945 ], [ -77.134829985999943, -9.684719977999976 ], [ -77.135079985999937, -9.68427997799995 ], [ -77.135189985999943, -9.684119977999956 ], [ -77.135559985999976, -9.683609977999936 ], [ -77.135669985999982, -9.68347997799998 ], [ -77.136349985999971, -9.682809977999966 ], [ -77.136409986, -9.682739977999972 ], [ -77.136529985999971, -9.682659977999947 ], [ -77.136739985999952, -9.682539977999966 ], [ -77.136849985999959, -9.682469977999972 ], [ -77.137629985999979, -9.681879977999927 ], [ -77.137809985999979, -9.681739977999939 ], [ -77.138129985999967, -9.681339977999926 ], [ -77.138289985999961, -9.681099977999963 ], [ -77.138499985999943, -9.680759977999969 ], [ -77.138649985999962, -9.680569977999937 ], [ -77.138799985999981, -9.680409977999943 ], [ -77.13896998599995, -9.680239977999975 ], [ -77.139049985999975, -9.680169977999981 ], [ -77.139519985999982, -9.679869977999942 ], [ -77.13965998599997, -9.679789977999974 ], [ -77.139739985999938, -9.67971997799998 ], [ -77.139849985999945, -9.67962997799998 ], [ -77.140049985999951, -9.679429977999973 ], [ -77.140579985999977, -9.678789977999941 ], [ -77.14081998599994, -9.678469977999953 ], [ -77.140919985999972, -9.678329977999965 ], [ -77.141119985999978, -9.677989977999971 ], [ -77.141309985999953, -9.677559977999977 ], [ -77.141439985999966, -9.677259977999938 ], [ -77.141549985999973, -9.67702997799995 ], [ -77.141659985999979, -9.676819977999969 ], [ -77.141799985999967, -9.676559977999943 ], [ -77.141979985999967, -9.67624997799993 ], [ -77.142059985999936, -9.676139977999981 ], [ -77.142179985999974, -9.675989977999961 ], [ -77.142269985999974, -9.675919977999968 ], [ -77.142299985999955, -9.67588997799993 ], [ -77.14237998599998, -9.675849977999974 ], [ -77.142559985999981, -9.67577997799998 ], [ -77.142629985999974, -9.675749977999942 ], [ -77.142699985999968, -9.675719977999961 ], [ -77.142769985999962, -9.675649977999967 ], [ -77.142969985999969, -9.675439977999929 ], [ -77.143119985999988, -9.675119977999941 ], [ -77.143329985999969, -9.674989977999928 ], [ -77.143879985999945, -9.674339977999978 ], [ -77.143939985999964, -9.674299977999965 ], [ -77.144149985999945, -9.674189977999959 ], [ -77.144179985999983, -9.674159977999977 ], [ -77.144219985999939, -9.674089977999927 ], [ -77.144269985999983, -9.674069977999977 ], [ -77.144319985999971, -9.674059977999946 ], [ -77.144569985999965, -9.674049977999971 ], [ -77.144679985999971, -9.674039977999939 ], [ -77.144969985999978, -9.673969977999946 ], [ -77.145039985999972, -9.673959977999971 ], [ -77.145119985999941, -9.673909977999926 ], [ -77.145339985999954, -9.673729977999926 ], [ -77.145599985999979, -9.673569977999932 ], [ -77.145729985999935, -9.673469977999957 ], [ -77.145909985999936, -9.673279977999925 ], [ -77.146129985999949, -9.673139977999938 ], [ -77.146159985999986, -9.673109977999957 ], [ -77.146209985999974, -9.673009977999982 ], [ -77.14631998599998, -9.672919977999982 ], [ -77.146409985999981, -9.672809977999975 ], [ -77.146579985999949, -9.672659977999956 ], [ -77.146679985999981, -9.672569977999956 ], [ -77.146929985999975, -9.672409977999962 ], [ -77.147009985999944, -9.672349977999943 ], [ -77.147059985999988, -9.672339977999968 ], [ -77.147309985999982, -9.672279977999949 ], [ -77.147399985999982, -9.672239977999936 ], [ -77.147459985999944, -9.672199977999981 ], [ -77.147509985999989, -9.672139977999962 ], [ -77.147549985999945, -9.672059977999936 ], [ -77.14771998599997, -9.671639977999973 ], [ -77.147859985999958, -9.671439977999967 ], [ -77.148129985999958, -9.671259977999966 ], [ -77.148329985999965, -9.671209977999979 ], [ -77.148439985999971, -9.671209977999979 ], [ -77.14851998599994, -9.671209977999979 ], [ -77.148739985999953, -9.671209977999979 ], [ -77.148849985999959, -9.671219977999954 ], [ -77.149339985999973, -9.671179977999941 ], [ -77.149669985999935, -9.671159977999935 ], [ -77.15025998599998, -9.671189977999973 ], [ -77.150519985999949, -9.671199977999947 ], [ -77.150629985999956, -9.671219977999954 ], [ -77.150839985999937, -9.671169977999966 ], [ -77.15129998599997, -9.671289977999947 ], [ -77.151719985999989, -9.671619977999967 ], [ -77.15227998599994, -9.671789977999936 ], [ -77.153379985999948, -9.672529977999943 ], [ -77.154309985999987, -9.673029977999931 ], [ -77.155019985999957, -9.673299977999932 ], [ -77.155849985999964, -9.673549977999926 ], [ -77.157389985999941, -9.674439977999953 ], [ -77.157669985999974, -9.674599977999947 ], [ -77.157929985999942, -9.674729977999959 ], [ -77.158039985999949, -9.674769977999972 ], [ -77.158169985999962, -9.674809977999928 ], [ -77.158429985999987, -9.674839977999966 ], [ -77.158769985999982, -9.674869977999947 ], [ -77.158919985999944, -9.674859977999972 ], [ -77.159039985999982, -9.674849977999941 ], [ -77.159339985999964, -9.674889977999953 ], [ -77.159529985999939, -9.674679977999972 ], [ -77.159889985999939, -9.674379977999934 ], [ -77.159969985999965, -9.67430997799994 ], [ -77.160019985999952, -9.674279977999959 ], [ -77.160289985999952, -9.674149977999946 ], [ -77.160359985999946, -9.674119977999965 ], [ -77.160459985999978, -9.674109977999933 ], [ -77.160739985999953, -9.674099977999958 ], [ -77.16120998599996, -9.674029977999965 ], [ -77.161879985999974, -9.673949977999939 ], [ -77.162019985999962, -9.673959977999971 ], [ -77.162489985999969, -9.673999977999927 ], [ -77.162619985999982, -9.674009977999958 ], [ -77.162669985999969, -9.673989977999952 ], [ -77.162849985999969, -9.673889977999977 ], [ -77.16296998599995, -9.673849977999964 ], [ -77.16311998599997, -9.673829977999958 ], [ -77.163339985999983, -9.673799977999977 ], [ -77.163519985999983, -9.673789977999945 ], [ -77.163869985999952, -9.67377997799997 ], [ -77.164259985999934, -9.673749977999933 ], [ -77.164399985999978, -9.673749977999933 ], [ -77.164569985999947, -9.673769977999939 ], [ -77.164659985999947, -9.673799977999977 ], [ -77.164729985999941, -9.673869977999971 ], [ -77.164809985999966, -9.673899977999952 ], [ -77.164899985999966, -9.673989977999952 ], [ -77.165029985999979, -9.674059977999946 ], [ -77.16505998599996, -9.674089977999927 ], [ -77.165089985999941, -9.674139977999971 ], [ -77.165099985999973, -9.674159977999977 ], [ -77.165409985999986, -9.674269977999927 ], [ -77.165519985999936, -9.67430997799994 ], [ -77.165679985999986, -9.674319977999971 ], [ -77.165809985999942, -9.674339977999978 ], [ -77.165869985999962, -9.674339977999978 ], [ -77.165939985999955, -9.674319977999971 ], [ -77.166019985999981, -9.674299977999965 ], [ -77.166199985999981, -9.674229977999971 ], [ -77.166299985999956, -9.674189977999959 ], [ -77.166399985999988, -9.674119977999965 ], [ -77.166929985999957, -9.673759977999964 ], [ -77.166989985999976, -9.673739977999958 ], [ -77.167049985999938, -9.673719977999951 ], [ -77.167549985999983, -9.67368997799997 ], [ -77.167759985999965, -9.673679977999939 ], [ -77.167919985999958, -9.67368997799997 ], [ -77.168109985999934, -9.673739977999958 ], [ -77.168179985999984, -9.673749977999933 ], [ -77.168609985999979, -9.673749977999933 ], [ -77.168739985999935, -9.673739977999958 ], [ -77.168829985999935, -9.673719977999951 ], [ -77.169119985999941, -9.673619977999977 ], [ -77.16950998599998, -9.67350997799997 ], [ -77.170019985999943, -9.673349977999976 ], [ -77.170359985999937, -9.673259977999976 ], [ -77.170529985999963, -9.673229977999938 ], [ -77.170919985999944, -9.673199977999957 ], [ -77.171229985999958, -9.673189977999925 ], [ -77.171349985999939, -9.673199977999957 ], [ -77.171499985999958, -9.673219977999963 ], [ -77.172179985999946, -9.673379977999957 ], [ -77.172319985999934, -9.673409977999938 ], [ -77.172479985999985, -9.673409977999938 ], [ -77.172909985999979, -9.673409977999938 ], [ -77.172999985999979, -9.673399977999964 ], [ -77.173049985999967, -9.673389977999932 ], [ -77.173209985999961, -9.673259977999976 ], [ -77.173589985999968, -9.672929977999956 ], [ -77.173699985999974, -9.672789977999969 ], [ -77.173959985999943, -9.672459977999949 ], [ -77.174079985999981, -9.672269977999974 ], [ -77.174409985999944, -9.671739977999948 ], [ -77.174549985999988, -9.671449977999941 ], [ -77.174649985999963, -9.671229977999928 ], [ -77.174789985999951, -9.670879977999959 ], [ -77.174839985999938, -9.670719977999966 ], [ -77.174899985999957, -9.670489977999978 ], [ -77.174909985999989, -9.670409977999952 ], [ -77.174919985999964, -9.670329977999927 ], [ -77.174899985999957, -9.670019977999971 ], [ -77.174899985999957, -9.669899977999933 ], [ -77.174909985999989, -9.669789977999926 ], [ -77.174989985999957, -9.669519977999926 ], [ -77.174999985999989, -9.669449977999932 ], [ -77.175049985999976, -9.669349977999957 ], [ -77.175179985999989, -9.669069977999982 ], [ -77.175239985999951, -9.668979977999982 ], [ -77.175349985999958, -9.668829977999962 ], [ -77.175429985999983, -9.668759977999969 ], [ -77.175469985999939, -9.668719977999956 ], [ -77.175549985999965, -9.668669977999969 ], [ -77.175709985999958, -9.668599977999975 ], [ -77.176059985999984, -9.668329977999974 ], [ -77.176209985999947, -9.668249977999949 ], [ -77.176599985999985, -9.668059977999974 ], [ -77.176949985999954, -9.667889977999948 ], [ -77.177059985999961, -9.667819977999955 ], [ -77.17720998599998, -9.667669977999935 ], [ -77.17729998599998, -9.667609977999973 ], [ -77.177339985999936, -9.667539977999979 ], [ -77.17756998599998, -9.667089977999979 ], [ -77.177749985999981, -9.666659977999927 ], [ -77.177809985999943, -9.666549977999978 ], [ -77.177889985999968, -9.666449977999946 ], [ -77.178079985999943, -9.666209977999927 ], [ -77.17818998599995, -9.666089977999945 ], [ -77.178249985999969, -9.666049977999933 ], [ -77.178329985999937, -9.665999977999945 ], [ -77.178729985999951, -9.665859977999958 ], [ -77.179119985999989, -9.665699977999964 ], [ -77.179229985999939, -9.665639977999945 ], [ -77.179489985999965, -9.665489977999925 ], [ -77.179599985999971, -9.665429977999963 ], [ -77.180099985999959, -9.665259977999938 ], [ -77.181039985999973, -9.665019977999975 ], [ -77.181469985999968, -9.66493997799995 ], [ -77.181979985999988, -9.664879977999931 ], [ -77.182299985999975, -9.664809977999937 ], [ -77.182409985999982, -9.664769977999981 ], [ -77.182519985999988, -9.664699977999931 ], [ -77.182929985999976, -9.664419977999955 ], [ -77.183009985999945, -9.664349977999962 ], [ -77.183129985999983, -9.664299977999974 ], [ -77.183189985999945, -9.66424997799993 ], [ -77.183549985999946, -9.664039977999948 ], [ -77.183699985999965, -9.663769977999948 ], [ -77.183779985999934, -9.663689977999979 ], [ -77.183869985999934, -9.663619977999929 ], [ -77.184159985999941, -9.663459977999935 ], [ -77.184429985999941, -9.663259977999928 ], [ -77.18466998599996, -9.663109977999966 ], [ -77.184949985999936, -9.662899977999928 ], [ -77.18517998599998, -9.662699977999978 ], [ -77.185439985999949, -9.662459977999958 ], [ -77.18615998599995, -9.661739977999957 ], [ -77.186239985999975, -9.661649977999957 ], [ -77.186279985999988, -9.661529977999976 ], [ -77.186409985999944, -9.661279977999982 ], [ -77.186410817999956, -9.661277301999974 ], [ -77.186449985999957, -9.661079977999975 ], [ -77.186479985999938, -9.660969977999969 ], [ -77.18648998599997, -9.660789977999968 ], [ -77.18648998599997, -9.659789977999935 ], [ -77.186519985999951, -9.65941997799996 ], [ -77.186519985999951, -9.659119977999978 ], [ -77.186549985999989, -9.658959977999928 ], [ -77.18675998599997, -9.658499977999952 ], [ -77.186699985999951, -9.658319977999952 ], [ -77.186679985999945, -9.658169977999933 ], [ -77.186689985999976, -9.658079977999932 ], [ -77.186719985999957, -9.657979977999958 ], [ -77.18684998599997, -9.657609977999925 ], [ -77.186959985999977, -9.657359977999931 ], [ -77.187089985999989, -9.657119977999969 ], [ -77.187449985999933, -9.656519977999949 ], [ -77.187499985999978, -9.656419977999974 ], [ -77.187529985999959, -9.65634997799998 ], [ -77.187569985999971, -9.65616997799998 ], [ -77.18764998599994, -9.656059977999973 ], [ -77.187669985999946, -9.656009977999929 ], [ -77.187669985999946, -9.655789977999973 ], [ -77.187659985999971, -9.655549977999954 ], [ -77.187639985999965, -9.655359977999979 ], [ -77.187579985999946, -9.655119977999959 ], [ -77.187569985999971, -9.654989977999946 ], [ -77.187569985999971, -9.654859977999934 ], [ -77.187609985999984, -9.654529977999971 ], [ -77.187629985999934, -9.654419977999964 ], [ -77.18764998599994, -9.654379977999952 ], [ -77.187729985999965, -9.654279977999977 ], [ -77.187839985999972, -9.654059977999964 ], [ -77.187869985999953, -9.653969977999964 ], [ -77.187909985999966, -9.653799977999938 ], [ -77.187929985999972, -9.653619977999938 ], [ -77.18791998599994, -9.653429977999963 ], [ -77.187859985999978, -9.653129977999981 ], [ -77.187839985999972, -9.652929977999975 ], [ -77.187819985999965, -9.652859977999981 ], [ -77.187789985999984, -9.652799977999962 ], [ -77.187779985999953, -9.652729977999968 ], [ -77.187769985999978, -9.652559977999942 ], [ -77.187799985999959, -9.652369977999967 ], [ -77.18782998599994, -9.652259977999961 ], [ -77.187889985999959, -9.652069977999929 ], [ -77.187959985999953, -9.651879977999954 ], [ -77.188079985999934, -9.651639977999935 ], [ -77.188139985999953, -9.651549977999935 ], [ -77.188209985999947, -9.65144997799996 ], [ -77.188349985999935, -9.651269977999959 ], [ -77.18851998599996, -9.651089977999959 ], [ -77.188809985999967, -9.650789977999978 ], [ -77.189629985999943, -9.649929977999932 ], [ -77.189750013999969, -9.649709996999945 ], [ -77.189899985999944, -9.649639977999925 ], [ -77.190209985999957, -9.649299977999931 ], [ -77.190309985999988, -9.649199977999956 ], [ -77.190679985999964, -9.648869977999937 ], [ -77.190819985999951, -9.648769977999962 ], [ -77.190899985999977, -9.648689977999936 ], [ -77.190979985999945, -9.64857997799993 ], [ -77.191009985999983, -9.648569977999955 ], [ -77.191349985999977, -9.648429977999967 ], [ -77.191489985999965, -9.648389977999955 ], [ -77.191929985999934, -9.648299977999955 ], [ -77.192199985999935, -9.648249977999967 ], [ -77.192319985999973, -9.648239977999935 ], [ -77.192669985999942, -9.648239977999935 ], [ -77.192729985999961, -9.648249977999967 ], [ -77.192829985999936, -9.64828997799998 ], [ -77.192869985999948, -9.648299977999955 ], [ -77.193009985999936, -9.648309977999929 ], [ -77.193209985999943, -9.648309977999929 ], [ -77.193959985999982, -9.648229977999961 ], [ -77.194309985999951, -9.648229977999961 ], [ -77.194379985999944, -9.648239977999935 ], [ -77.194419985999957, -9.648249977999967 ], [ -77.194489985999951, -9.648309977999929 ], [ -77.194519985999989, -9.648329977999936 ], [ -77.194589985999983, -9.648339977999967 ], [ -77.19472998599997, -9.648339977999967 ], [ -77.194929985999977, -9.648329977999936 ], [ -77.195219985999984, -9.648299977999955 ], [ -77.195389985999952, -9.648269977999973 ], [ -77.195609985999965, -9.648219977999929 ], [ -77.195769985999959, -9.648169977999942 ], [ -77.195929985999953, -9.648089977999973 ], [ -77.196029985999985, -9.648039977999929 ], [ -77.19681998599998, -9.647549977999972 ], [ -77.197249985999974, -9.647329977999959 ], [ -77.197669985999937, -9.647079977999965 ], [ -77.19806998599995, -9.64681997799994 ], [ -77.19848998599997, -9.646589977999952 ], [ -77.198819986, -9.646419977999926 ], [ -77.198949985999946, -9.646349977999932 ], [ -77.19928998599994, -9.646059977999926 ], [ -77.199349985999959, -9.645989977999932 ], [ -77.199369985999965, -9.64592997799997 ], [ -77.199409985999978, -9.64577997799995 ], [ -77.199419985999953, -9.645759977999944 ], [ -77.199489985999946, -9.645679977999976 ], [ -77.199519985999984, -9.645629977999931 ], [ -77.199569985999972, -9.645439977999956 ], [ -77.199679985999978, -9.64508997799993 ], [ -77.199689985999953, -9.644969977999949 ], [ -77.199689985999953, -9.644579977999967 ], [ -77.199719985999934, -9.644189977999929 ], [ -77.199749985999972, -9.644039977999967 ], [ -77.199819985999966, -9.643729977999953 ], [ -77.199829985999941, -9.643599977999941 ], [ -77.199819985999966, -9.643079977999946 ], [ -77.199819985999966, -9.642599977999964 ], [ -77.199839985999972, -9.642619977999971 ], [ -77.199839888999975, -9.642619123999964 ], [ -77.199809985999934, -9.642329977999964 ], [ -77.199839985999972, -9.641319977999956 ], [ -77.200009985999941, -9.640539977999936 ], [ -77.200229985999954, -9.639829977999966 ], [ -77.200719985999967, -9.639049977999946 ], [ -77.201239985999962, -9.638369977999957 ], [ -77.201529985999969, -9.63771997799995 ], [ -77.201529985999969, -9.63729997799993 ], [ -77.201759985999956, -9.636809977999974 ], [ -77.202049985999963, -9.63577997799996 ], [ -77.202239985999938, -9.634929977999946 ], [ -77.202279985999951, -9.63437997799997 ], [ -77.202309985999989, -9.633849977999944 ], [ -77.202179985999976, -9.633739977999937 ], [ -77.201899985999944, -9.633489977999943 ], [ -77.201789985999937, -9.633389977999968 ], [ -77.201689985999963, -9.633249977999981 ], [ -77.201687146999973, -9.63324707299995 ], [ -77.201239985999962, -9.632789977999948 ], [ -77.20093998599998, -9.632509977999973 ], [ -77.200889985999936, -9.632449977999954 ], [ -77.200549985999942, -9.632229977999941 ], [ -77.200149985999985, -9.631789977999972 ], [ -77.199809985999934, -9.631589977999965 ], [ -77.199369985999965, -9.631429977999971 ], [ -77.198989985999958, -9.631319977999965 ], [ -77.198009985999988, -9.631119977999958 ], [ -77.197809985999982, -9.631039977999933 ], [ -77.197599985999943, -9.630939977999958 ], [ -77.197069985999974, -9.63079997799997 ], [ -77.196279985999979, -9.630389977999926 ], [ -77.195679985999959, -9.630009977999975 ], [ -77.195239985999933, -9.629709977999937 ], [ -77.194699985999989, -9.629159977999961 ], [ -77.194449985999938, -9.628829977999942 ], [ -77.193829985999969, -9.628629977999935 ], [ -77.193159985999955, -9.62834997799996 ], [ -77.192729985999961, -9.628239977999954 ], [ -77.191969985999947, -9.627759977999972 ], [ -77.190569985999957, -9.626289977999932 ], [ -77.188969985999961, -9.624979977999942 ], [ -77.188789985999961, -9.624849977999929 ], [ -77.188659985999948, -9.624779977999935 ], [ -77.18833998599996, -9.624599977999935 ], [ -77.188269985999966, -9.624539977999973 ], [ -77.188199985999972, -9.624479977999954 ], [ -77.188099985999941, -9.624349977999941 ], [ -77.187799985999959, -9.623929977999978 ], [ -77.18779894499994, -9.62392824099993 ], [ -77.187709985999959, -9.623779977999959 ], [ -77.187289985999939, -9.623129977999952 ], [ -77.186899985999958, -9.622239977999982 ], [ -77.18684998599997, -9.622209977999944 ], [ -77.186829985999964, -9.622149977999982 ], [ -77.186739985999964, -9.622009977999937 ], [ -77.186709985999983, -9.621969977999981 ], [ -77.186629985999957, -9.621909977999962 ], [ -77.186529985999982, -9.62177997799995 ], [ -77.186219985999969, -9.621439977999955 ], [ -77.186129985999969, -9.621379977999936 ], [ -77.185909985999956, -9.621309977999942 ], [ -77.185829985999987, -9.62126997799993 ], [ -77.185779985999943, -9.621209977999968 ], [ -77.185649985999987, -9.62106997799998 ], [ -77.185579985999937, -9.62097997799998 ], [ -77.185529985999949, -9.620919977999961 ], [ -77.185399985999936, -9.620659977999935 ], [ -77.185349985999949, -9.620569977999935 ], [ -77.185119985999961, -9.620239977999972 ], [ -77.184889985999973, -9.619889977999946 ], [ -77.18481998599998, -9.619789977999972 ], [ -77.184499985999935, -9.619439977999946 ], [ -77.184099985999978, -9.61906997799997 ], [ -77.183919985999978, -9.618899977999945 ], [ -77.183879985999965, -9.618849977999957 ], [ -77.183809985999972, -9.618769977999932 ], [ -77.183729985999946, -9.618679977999932 ], [ -77.183699985999965, -9.618609977999938 ], [ -77.183589985999959, -9.618519977999938 ], [ -77.183549985999946, -9.618449977999944 ], [ -77.183499985999958, -9.618329977999963 ], [ -77.183449985999971, -9.618149977999963 ], [ -77.183399985999984, -9.617889977999937 ], [ -77.183369985999946, -9.61759997799993 ], [ -77.183359985999971, -9.617459977999943 ], [ -77.183379985999977, -9.617119977999948 ], [ -77.183389985999952, -9.61679997799996 ], [ -77.183379985999977, -9.616649977999941 ], [ -77.183329986, -9.61625997799996 ], [ -77.183319985999958, -9.615829977999965 ], [ -77.183319985999958, -9.61574997799994 ], [ -77.183299985999952, -9.615669977999971 ], [ -77.183169985999939, -9.615329977999977 ], [ -77.183129985999983, -9.615259977999926 ], [ -77.183059985999989, -9.615169977999926 ], [ -77.182879985999989, -9.614969977999976 ], [ -77.182799985999964, -9.614879977999976 ], [ -77.182739985999945, -9.614779977999945 ], [ -77.182609985999989, -9.614459977999957 ], [ -77.182579985999951, -9.614379977999931 ], [ -77.182469985999944, -9.613789977999943 ], [ -77.182468909999955, -9.613785982999957 ], [ -77.18239998599995, -9.613529977999974 ], [ -77.182339985999988, -9.613339977999942 ], [ -77.182239985999956, -9.61309997799998 ], [ -77.182119985999975, -9.612879977999967 ], [ -77.182049985999981, -9.61276997799996 ], [ -77.181769985999949, -9.61231997799996 ], [ -77.181709985999987, -9.612199977999978 ], [ -77.181669985999974, -9.612099977999947 ], [ -77.181629985999962, -9.611979977999965 ], [ -77.180879985999979, -9.610969977999957 ], [ -77.180229985999972, -9.610159977999956 ], [ -77.179459985999983, -9.609469977999936 ], [ -77.179029985999989, -9.608959977999973 ], [ -77.178849985999989, -9.60873997799996 ], [ -77.17869998599997, -9.608609977999947 ], [ -77.178629985999976, -9.608539977999953 ], [ -77.178559985999982, -9.608459977999928 ], [ -77.17845998599995, -9.608299977999934 ], [ -77.178359985999975, -9.60813997799994 ], [ -77.17809998599995, -9.607599977999939 ], [ -77.178069985999969, -9.607509977999939 ], [ -77.178029985999956, -9.60733997799997 ], [ -77.177959985999962, -9.606969977999938 ], [ -77.177939985999956, -9.606849977999957 ], [ -77.177879985999937, -9.606669977999957 ], [ -77.177799985999968, -9.606449977999944 ], [ -77.177719985999943, -9.606259977999969 ], [ -77.177489985999955, -9.60575997799998 ], [ -77.177429985999936, -9.605629977999968 ], [ -77.177269985999942, -9.605359977999967 ], [ -77.177219985999955, -9.605269977999967 ], [ -77.177189985999973, -9.605159977999961 ], [ -77.177149985999961, -9.605039977999979 ], [ -77.177129985999954, -9.604909977999966 ], [ -77.177129985999954, -9.604729977999966 ], [ -77.177129985999954, -9.604539977999934 ], [ -77.177149985999961, -9.604409977999978 ], [ -77.177159985999936, -9.604349977999959 ], [ -77.177249985999936, -9.604039977999946 ], [ -77.17729998599998, -9.603849977999971 ], [ -77.177309985999955, -9.603729977999933 ], [ -77.177309985999955, -9.603539977999958 ], [ -77.177289985999948, -9.603349977999926 ], [ -77.177269985999942, -9.603169977999926 ], [ -77.177229985999986, -9.602979977999951 ], [ -77.177069985999935, -9.602359977999981 ], [ -77.177049985999986, -9.602239977999943 ], [ -77.177039985999954, -9.602119977999962 ], [ -77.177039985999954, -9.60183997799993 ], [ -77.177049985999986, -9.601769977999936 ], [ -77.177089985999942, -9.601589977999936 ], [ -77.177109985999948, -9.601489977999961 ], [ -77.17702998599998, -9.600669977999928 ], [ -77.177009985999973, -9.600579977999928 ], [ -77.176959985999986, -9.600379977999978 ], [ -77.176929985999948, -9.600249977999965 ], [ -77.176919985999973, -9.600129977999927 ], [ -77.176749985999948, -9.598819977999938 ], [ -77.176579985999979, -9.597379977999935 ], [ -77.176549985999941, -9.596999977999928 ], [ -77.176509985999985, -9.596859977999941 ], [ -77.176399985999979, -9.59631997799994 ], [ -77.176369985999941, -9.596189977999927 ], [ -77.176199985999972, -9.595759977999933 ], [ -77.176198337999949, -9.595757230999936 ], [ -77.176169985999934, -9.595709977999945 ], [ -77.176139985999953, -9.595669977999933 ], [ -77.17600998599994, -9.595569977999958 ], [ -77.175929985999971, -9.595529977999945 ], [ -77.175789985999984, -9.595399977999932 ], [ -77.175479985999971, -9.595179977999976 ], [ -77.175389985999971, -9.595099977999951 ], [ -77.175309985999945, -9.595019977999925 ], [ -77.175199985999939, -9.594899977999944 ], [ -77.175159985999983, -9.594849977999957 ], [ -77.175129985999945, -9.594779977999963 ], [ -77.17511998599997, -9.594699977999937 ], [ -77.17511998599997, -9.594619977999969 ], [ -77.175129985999945, -9.594539977999943 ], [ -77.175169985999958, -9.594399977999956 ], [ -77.175179985999989, -9.594339977999937 ], [ -77.175189985999964, -9.593979977999936 ], [ -77.175249985999983, -9.593279977999941 ], [ -77.175249985999983, -9.593079977999935 ], [ -77.175249985999983, -9.592539977999934 ], [ -77.175229985999977, -9.592389977999972 ], [ -77.175129985999945, -9.591979977999927 ], [ -77.175039985999945, -9.591359977999957 ], [ -77.175009985999964, -9.591229977999944 ], [ -77.174879985999951, -9.590849977999937 ], [ -77.174799985999982, -9.590149977999943 ], [ -77.17484998599997, -9.589659977999929 ], [ -77.174859985999944, -9.589439977999973 ], [ -77.17484998599997, -9.58903997799996 ], [ -77.174359985999956, -9.588209977999952 ], [ -77.174629985999957, -9.587889977999964 ], [ -77.174399985999969, -9.587309977999951 ], [ -77.174379985999963, -9.587219977999951 ], [ -77.174349985999982, -9.58712997799995 ], [ -77.174329985999975, -9.586979977999931 ], [ -77.174219985999969, -9.585859977999974 ], [ -77.174219985999969, -9.585769977999973 ], [ -77.174219985999969, -9.585669977999942 ], [ -77.173940009999967, -9.585070066999947 ], [ -77.174379985999963, -9.584049977999939 ], [ -77.174379985999963, -9.583839977999958 ], [ -77.174329985999975, -9.583239977999938 ], [ -77.174299985999937, -9.58300997799995 ], [ -77.174309985999969, -9.582939977999956 ], [ -77.174319985999944, -9.582859977999931 ], [ -77.174349985999982, -9.582779977999962 ], [ -77.174459985999988, -9.582559977999949 ], [ -77.174539985999957, -9.582309977999955 ], [ -77.174549985999988, -9.582169977999968 ], [ -77.174559985999963, -9.581899977999967 ], [ -77.174579985999969, -9.581729977999942 ], [ -77.174569985999938, -9.581659977999948 ], [ -77.174559985999963, -9.581619977999935 ], [ -77.17442998599995, -9.581329977999928 ], [ -77.17433998599995, -9.581089977999966 ], [ -77.174219985999969, -9.58073997799994 ], [ -77.174199985999962, -9.580599977999952 ], [ -77.174199985999962, -9.580279977999965 ], [ -77.174229985999943, -9.579959977999977 ], [ -77.17424998599995, -9.579859977999945 ], [ -77.174279985999988, -9.579799977999926 ], [ -77.174319985999944, -9.579749977999938 ], [ -77.17442998599995, -9.579689977999976 ], [ -77.174469985999963, -9.579639977999932 ], [ -77.174549985999988, -9.579509977999976 ], [ -77.174639985999988, -9.579439977999925 ], [ -77.17475998599997, -9.579289977999963 ], [ -77.174879985999951, -9.579199977999963 ], [ -77.174949985999945, -9.579119977999937 ], [ -77.175179985999989, -9.578839977999962 ], [ -77.175239985999951, -9.57873997799993 ], [ -77.175259985999958, -9.578719977999981 ], [ -77.175289985999939, -9.578639977999956 ], [ -77.17529998599997, -9.578459977999955 ], [ -77.175309985999945, -9.57828997799993 ], [ -77.175309985999945, -9.578009977999955 ], [ -77.17529998599997, -9.577869977999967 ], [ -77.175239985999951, -9.577629977999948 ], [ -77.175229985999977, -9.57757997799996 ], [ -77.175169985999958, -9.577499977999935 ], [ -77.175129985999945, -9.577339977999941 ], [ -77.175089985999989, -9.577269977999947 ], [ -77.174979985999983, -9.577139977999934 ], [ -77.174869985999976, -9.576969977999966 ], [ -77.174809985999957, -9.576869977999934 ], [ -77.174749985999938, -9.576739977999978 ], [ -77.174279985999988, -9.57521997799995 ], [ -77.174149985999975, -9.574579977999974 ], [ -77.174129985999969, -9.574479977999943 ], [ -77.174139985999943, -9.574379977999968 ], [ -77.174209985999937, -9.574129977999974 ], [ -77.174239985999975, -9.573989977999929 ], [ -77.174259985999981, -9.573709977999954 ], [ -77.174259985999981, -9.573539977999928 ], [ -77.17424998599995, -9.573449977999928 ], [ -77.174229985999943, -9.573419977999947 ], [ -77.174119985999937, -9.573219977999941 ], [ -77.174099985999987, -9.573179977999928 ], [ -77.174039985999968, -9.573139977999972 ], [ -77.173999985999956, -9.573099977999959 ], [ -77.173979985999949, -9.573029977999965 ], [ -77.173969985999975, -9.572899977999953 ], [ -77.173979985999949, -9.572789977999946 ], [ -77.174029985999937, -9.572639977999927 ], [ -77.174059985999975, -9.572589977999939 ], [ -77.174099985999987, -9.572519977999946 ], [ -77.174279985999988, -9.572339977999945 ], [ -77.174319985999944, -9.572299977999933 ], [ -77.174369985999988, -9.572209977999933 ], [ -77.174639985999988, -9.571719977999976 ], [ -77.174779985999976, -9.571419977999938 ], [ -77.17484998599997, -9.571259977999944 ], [ -77.174869985999976, -9.571199977999981 ], [ -77.174889985999982, -9.570879977999937 ], [ -77.175019985999938, -9.57020997799998 ], [ -77.17502998599997, -9.570109977999948 ], [ -77.17502998599997, -9.56978997799996 ], [ -77.175089985999989, -9.569439977999934 ], [ -77.17511998599997, -9.569259977999934 ], [ -77.175169985999958, -9.568659977999971 ], [ -77.175179985999989, -9.568229977999977 ], [ -77.175199985999939, -9.567949977999945 ], [ -77.175199985999939, -9.567889977999926 ], [ -77.175189985999964, -9.567829977999963 ], [ -77.175139985999976, -9.567709977999925 ], [ -77.17511998599997, -9.567629977999957 ], [ -77.175089985999989, -9.567399977999969 ], [ -77.175069985999983, -9.56733997799995 ], [ -77.175039985999945, -9.567279977999931 ], [ -77.174919985999964, -9.567109977999962 ], [ -77.174669985999969, -9.566699977999974 ], [ -77.174589985999944, -9.56653997799998 ], [ -77.174499985999944, -9.566319977999967 ], [ -77.174459985999988, -9.566209977999961 ], [ -77.174389985999937, -9.565909977999979 ], [ -77.174359985999956, -9.565799977999973 ], [ -77.174259985999981, -9.565539977999947 ], [ -77.174209985999937, -9.565459977999978 ], [ -77.17415998599995, -9.565399977999959 ], [ -77.174029985999937, -9.565259977999972 ], [ -77.173929985999962, -9.565129977999959 ], [ -77.173649985999987, -9.564759977999927 ], [ -77.173569985999961, -9.564659977999952 ], [ -77.173439985999948, -9.564539977999971 ], [ -77.172729985999979, -9.564129977999926 ], [ -77.171939985999984, -9.563039977999949 ], [ -77.171939048999945, -9.563035240999966 ], [ -77.171759985999984, -9.562129977999973 ], [ -77.171739985999977, -9.562049977999948 ], [ -77.171729985999946, -9.561959977999948 ], [ -77.171749985999952, -9.561879977999979 ], [ -77.171779985999933, -9.561799977999954 ], [ -77.17188998599994, -9.561559977999934 ], [ -77.171969985999965, -9.561409977999972 ], [ -77.172039985999959, -9.561289977999934 ], [ -77.172559985999953, -9.560579977999964 ], [ -77.172639985999979, -9.560449977999951 ], [ -77.172779985999966, -9.560199977999957 ], [ -77.172809985999947, -9.560079977999976 ], [ -77.172809985999947, -9.55996997799997 ], [ -77.172769985999935, -9.559749977999957 ], [ -77.172679985999935, -9.559559977999982 ], [ -77.172509985999966, -9.559409977999962 ], [ -77.172209985999984, -9.55927997799995 ], [ -77.170599985999957, -9.55865997799998 ], [ -77.169989985999962, -9.558579977999955 ], [ -77.169859985999949, -9.558539977999942 ], [ -77.169259985999986, -9.558509977999961 ], [ -77.169169985999986, -9.558179977999941 ], [ -77.168889985999954, -9.557669977999979 ], [ -77.168859985999973, -9.557479977999947 ], [ -77.168839985999966, -9.557309977999978 ], [ -77.168839985999966, -9.557139977999952 ], [ -77.168840681999939, -9.557136154999966 ], [ -77.168859985999973, -9.557029977999946 ], [ -77.16890998599996, -9.556729977999964 ], [ -77.168919985999935, -9.556589977999977 ], [ -77.168919985999935, -9.556269977999932 ], [ -77.16890998599996, -9.556199977999938 ], [ -77.168849985999941, -9.556109977999938 ], [ -77.16881998599996, -9.55602997799997 ], [ -77.168769985999973, -9.555809977999957 ], [ -77.16872998599996, -9.555729977999931 ], [ -77.16863998599996, -9.555529977999981 ], [ -77.168619985999953, -9.555489977999969 ], [ -77.168559985999934, -9.555449977999956 ], [ -77.168539985999985, -9.555379977999962 ], [ -77.168509985999947, -9.555349977999981 ], [ -77.168459985999959, -9.555309977999968 ], [ -77.168289985999934, -9.55518997799993 ], [ -77.168239985999946, -9.555129977999968 ], [ -77.168189985999959, -9.555059977999974 ], [ -77.168149985999946, -9.554969977999974 ], [ -77.168089985999984, -9.554709977999948 ], [ -77.168049985999971, -9.554589977999967 ], [ -77.167999985999984, -9.554469977999929 ], [ -77.167869985999971, -9.554159977999973 ], [ -77.167829985999958, -9.55411997799996 ], [ -77.167689985999971, -9.554049977999966 ], [ -77.167619985999977, -9.553969977999941 ], [ -77.167409985999939, -9.553809977999947 ], [ -77.167319985999939, -9.553709977999972 ], [ -77.16714998599997, -9.55351997799994 ], [ -77.16705998599997, -9.553399977999959 ], [ -77.166759985999988, -9.552909977999946 ], [ -77.16672998599995, -9.552859977999958 ], [ -77.166669985999988, -9.552719977999971 ], [ -77.166609985999969, -9.552459977999945 ], [ -77.166569985999956, -9.55226997799997 ], [ -77.16654998599995, -9.552079977999938 ], [ -77.166529985999944, -9.551719977999937 ], [ -77.166519985999969, -9.551639977999969 ], [ -77.166479985999956, -9.551529977999962 ], [ -77.16645998599995, -9.551429977999931 ], [ -77.166449985999975, -9.551079977999962 ], [ -77.166429985999969, -9.551029977999974 ], [ -77.166379985999981, -9.550919977999968 ], [ -77.16627998599995, -9.550589977999948 ], [ -77.166179985999975, -9.550379977999967 ], [ -77.166149985999937, -9.550319977999948 ], [ -77.166029985999955, -9.55017997799996 ], [ -77.165959985999962, -9.550109977999966 ], [ -77.165819985999974, -9.549979977999953 ], [ -77.165689985999961, -9.549869977999947 ], [ -77.16547998599998, -9.549719977999928 ], [ -77.165379985999948, -9.549659977999966 ], [ -77.165359985999942, -9.549629977999928 ], [ -77.165319985999986, -9.549529977999953 ], [ -77.165289985999948, -9.549429977999978 ], [ -77.165279985999973, -9.549239977999946 ], [ -77.165259985999967, -9.547509977999937 ], [ -77.165249985999935, -9.547419977999937 ], [ -77.16523998599996, -9.547329977999937 ], [ -77.165229985999986, -9.547289977999981 ], [ -77.165129985999954, -9.547099977999949 ], [ -77.165069985999935, -9.546899977999942 ], [ -77.165039985999954, -9.546799977999967 ], [ -77.165029985999979, -9.546699977999936 ], [ -77.165019985999947, -9.546589977999929 ], [ -77.165029985999979, -9.546429977999935 ], [ -77.165109985999948, -9.545909977999941 ], [ -77.165069985999935, -9.544999977999964 ], [ -77.164509985999985, -9.544419977999951 ], [ -77.164589538999962, -9.543753728999945 ], [ -77.164589985999953, -9.543749977999937 ], [ -77.164209985999946, -9.542609977999973 ], [ -77.163989985999933, -9.542109977999928 ], [ -77.163929985999971, -9.541979977999972 ], [ -77.163839985999971, -9.541829977999953 ], [ -77.16356998599997, -9.541459977999978 ], [ -77.163289985999938, -9.541099977999977 ], [ -77.163249985999983, -9.541029977999926 ], [ -77.163189985999963, -9.540909977999945 ], [ -77.163079985999957, -9.540609977999964 ], [ -77.163059985999951, -9.540519977999963 ], [ -77.163039985999944, -9.540439977999938 ], [ -77.16302998599997, -9.540359977999969 ], [ -77.16302998599997, -9.539979977999963 ], [ -77.163009985999963, -9.539679977999981 ], [ -77.162989985999957, -9.539569977999975 ], [ -77.162971132999985, -9.539485135999939 ], [ -77.16296998599995, -9.539479977999974 ], [ -77.162949985999944, -9.539399977999949 ], [ -77.162799985999982, -9.539059977999955 ], [ -77.162759985999969, -9.538979977999929 ], [ -77.162689985999975, -9.538859977999948 ], [ -77.161859985999968, -9.53766997799994 ], [ -77.161379985999986, -9.536989977999951 ], [ -77.161329985999942, -9.536899977999951 ], [ -77.161289985999986, -9.536819977999926 ], [ -77.161259985999948, -9.536709977999976 ], [ -77.16120998599996, -9.536429977999944 ], [ -77.161199985999986, -9.536119977999931 ], [ -77.161189985999954, -9.536019977999956 ], [ -77.161199985999986, -9.535859977999962 ], [ -77.161269985999979, -9.53557997799993 ], [ -77.161309985999935, -9.535459977999949 ], [ -77.161429985999973, -9.535159977999967 ], [ -77.16144998599998, -9.535049977999961 ], [ -77.16144998599998, -9.53492997799998 ], [ -77.161419985999942, -9.53468997799996 ], [ -77.161399985999935, -9.534609977999935 ], [ -77.161379985999986, -9.534519977999935 ], [ -77.161289985999986, -9.534369977999972 ], [ -77.160709985999972, -9.533519977999958 ], [ -77.160579985999959, -9.533349977999933 ], [ -77.16024998599994, -9.532979977999958 ], [ -77.160199985999952, -9.532919977999939 ], [ -77.160139985999933, -9.532799977999957 ], [ -77.160019985999952, -9.532609977999925 ], [ -77.159929985999952, -9.532469977999938 ], [ -77.159859985999958, -9.532289977999937 ], [ -77.159809985999971, -9.532159977999981 ], [ -77.159749985999952, -9.531939977999969 ], [ -77.159659985999951, -9.531699977999949 ], [ -77.159619985999939, -9.531539977999955 ], [ -77.159589985999958, -9.531419977999974 ], [ -77.159569985999951, -9.531299977999936 ], [ -77.159559985999977, -9.53116997799998 ], [ -77.159559985999977, -9.530919977999929 ], [ -77.159579985999983, -9.530679977999966 ], [ -77.159609985999964, -9.53029997799996 ], [ -77.159639985999945, -9.530179977999978 ], [ -77.159659985999951, -9.530049977999965 ], [ -77.159709985999939, -9.529919977999953 ], [ -77.159909985999946, -9.529369977999977 ], [ -77.159949985999958, -9.529239977999964 ], [ -77.159959986, -9.529189977999977 ], [ -77.159959986, -9.529069977999939 ], [ -77.159949985999958, -9.528819977999945 ], [ -77.160069985999939, -9.52760997799993 ], [ -77.159709985999939, -9.527379977999942 ], [ -77.159139985999957, -9.527069977999929 ], [ -77.158809985999937, -9.526919977999967 ], [ -77.158699985999988, -9.526859977999948 ], [ -77.158399985999949, -9.52662997799996 ], [ -77.158309985999949, -9.526549977999935 ], [ -77.158079985999962, -9.526259977999928 ], [ -77.158009985999968, -9.526169977999928 ], [ -77.157949985999949, -9.526059977999978 ], [ -77.157849985999974, -9.525819977999959 ], [ -77.157769985999948, -9.525619977999952 ], [ -77.157499985999948, -9.524739977999957 ], [ -77.157479985999942, -9.524659977999931 ], [ -77.157469985999967, -9.524549977999982 ], [ -77.157459985999935, -9.524319977999937 ], [ -77.157479985999942, -9.523839977999955 ], [ -77.157479985999942, -9.523479977999955 ], [ -77.157499985999948, -9.523369977999948 ], [ -77.157529985999986, -9.523219977999929 ], [ -77.157569985999942, -9.52304997799996 ], [ -77.157619985999986, -9.522919977999948 ], [ -77.157729985999936, -9.522699977999935 ], [ -77.157919985999968, -9.522379977999947 ], [ -77.157969985999955, -9.522279977999972 ], [ -77.158009985999968, -9.522139977999927 ], [ -77.15804998599998, -9.521929977999946 ], [ -77.158039985999949, -9.521779977999927 ], [ -77.157989985999961, -9.52121997699993 ], [ -77.157969985999955, -9.521119976999955 ], [ -77.157929985999942, -9.520999976999974 ], [ -77.15786998599998, -9.52083997699998 ], [ -77.157839985999942, -9.520769976999929 ], [ -77.157729985999936, -9.520669976999955 ], [ -77.157549985999935, -9.520459976999973 ], [ -77.157539985999961, -9.520439976999967 ], [ -77.157469985999967, -9.520399976999954 ], [ -77.157429985999954, -9.520279976999973 ], [ -77.157379985999967, -9.520199976999947 ], [ -77.157329985999979, -9.520179976999941 ], [ -77.157249985999954, -9.520129976999954 ], [ -77.157209985999941, -9.520099976999973 ], [ -77.156899985999985, -9.519789976999959 ], [ -77.156769985999972, -9.519619976999934 ], [ -77.156589985999972, -9.51936997699994 ], [ -77.156529985999953, -9.519259976999933 ], [ -77.156469985999934, -9.519159976999958 ], [ -77.156429985999978, -9.519039976999977 ], [ -77.156369985999959, -9.518869976999952 ], [ -77.156339985999978, -9.518759976999945 ], [ -77.156319985999971, -9.518559976999938 ], [ -77.156299985999965, -9.518409976999976 ], [ -77.156259985999952, -9.51820997699997 ], [ -77.15621998599994, -9.51805997699995 ], [ -77.156089985999984, -9.517739976999962 ], [ -77.155909985999983, -9.517389976999937 ], [ -77.155859985999939, -9.517259976999981 ], [ -77.155819985999983, -9.517219976999968 ], [ -77.15508998599995, -9.516769976999967 ], [ -77.15472998599995, -9.516559976999929 ], [ -77.154419985999937, -9.516429976999973 ], [ -77.154309985999987, -9.516369976999954 ], [ -77.153759985999955, -9.515819976999978 ], [ -77.153759046999937, -9.515814943999942 ], [ -77.153619985999967, -9.515069976999939 ], [ -77.153559985999948, -9.514919976999977 ], [ -77.153429985999935, -9.514679976999957 ], [ -77.153369985999973, -9.514579976999926 ], [ -77.153289985999947, -9.514469976999976 ], [ -77.152959985999985, -9.51411997699995 ], [ -77.152869985999985, -9.514009976999944 ], [ -77.152749985999947, -9.513829976999943 ], [ -77.152599985999984, -9.51360997699993 ], [ -77.152559985999972, -9.513539976999937 ], [ -77.152529985999934, -9.513459976999968 ], [ -77.152499985999953, -9.51333997699993 ], [ -77.152449985999965, -9.513059976999955 ], [ -77.152419985999984, -9.512829976999967 ], [ -77.15236998599994, -9.512429976999954 ], [ -77.15236998599994, -9.512289976999966 ], [ -77.15236998599994, -9.512139976999947 ], [ -77.152409985999952, -9.51166997699994 ], [ -77.152409985999952, -9.511529976999952 ], [ -77.152399985999978, -9.511419976999946 ], [ -77.152350522999939, -9.511133088999941 ], [ -77.152349985999933, -9.511129976999939 ], [ -77.152259985999933, -9.510679976999938 ], [ -77.152239985999984, -9.510629976999951 ], [ -77.152199985999971, -9.510579976999963 ], [ -77.152089985999964, -9.510479976999932 ], [ -77.151959985999952, -9.510319976999938 ], [ -77.151669985999945, -9.510039976999963 ], [ -77.151589985999976, -9.509939976999931 ], [ -77.151519985999983, -9.50981997699995 ], [ -77.151159985999982, -9.509229976999961 ], [ -77.151079985999957, -9.509059976999936 ], [ -77.150979985999982, -9.508809976999942 ], [ -77.15087998599995, -9.508379976999947 ], [ -77.150799985999981, -9.508139976999928 ], [ -77.150749985999937, -9.507959976999928 ], [ -77.150609985999949, -9.507649976999971 ], [ -77.150419985999974, -9.507329976999927 ], [ -77.150379985999962, -9.507219976999977 ], [ -77.150329985999974, -9.507039976999977 ], [ -77.150299985999936, -9.506869976999951 ], [ -77.150289985999962, -9.506519976999925 ], [ -77.150269985999955, -9.506379976999938 ], [ -77.150139985999942, -9.505739976999962 ], [ -77.149999985999955, -9.505239976999974 ], [ -77.149939985999936, -9.504929976999961 ], [ -77.149889985999948, -9.504539976999979 ], [ -77.149789985999973, -9.504189976999953 ], [ -77.149779985999942, -9.504079976999947 ], [ -77.14980998599998, -9.503489976999958 ], [ -77.150039985999967, -9.50316997699997 ], [ -77.150269985999955, -9.502839976999951 ], [ -77.150499985999943, -9.502569976999951 ], [ -77.150689985999975, -9.502169976999937 ], [ -77.150759985999969, -9.50169997699993 ], [ -77.150819985999988, -9.501399976999949 ], [ -77.150859985999944, -9.501039976999948 ], [ -77.15087998599995, -9.500679976999947 ], [ -77.150849985999969, -9.500289976999966 ], [ -77.150849985999969, -9.499999976999959 ], [ -77.150959985999975, -9.499499976999971 ], [ -77.151469985999938, -9.498149976999969 ], [ -77.151499985999976, -9.497239976999936 ], [ -77.151349985999957, -9.496639976999973 ], [ -77.151119985999969, -9.496119976999978 ], [ -77.150949985999944, -9.495879976999959 ], [ -77.150459735999959, -9.495503351999957 ], [ -77.149351485999944, -9.494651851999947 ], [ -77.149333110999976, -9.49463772699994 ], [ -77.149327611, -9.494633476999979 ], [ -77.149309985999935, -9.494619976999957 ], [ -77.149307610999983, -9.494616976999964 ], [ -77.149278610999943, -9.49458147699994 ], [ -77.14925173599994, -9.494548476999967 ], [ -77.148689985999965, -9.493859976999943 ], [ -77.148384485999941, -9.493054976999929 ], [ -77.148279985999977, -9.492779976999941 ], [ -77.148271485999942, -9.492616226999928 ], [ -77.148239985999965, -9.492009976999952 ], [ -77.14798998599997, -9.490629976999969 ], [ -77.147689985999989, -9.489889976999962 ], [ -77.147219985999982, -9.48907997699996 ], [ -77.14693998599995, -9.488369976999934 ], [ -77.146938741999975, -9.488367016999973 ], [ -77.146649985999943, -9.487679976999971 ], [ -77.14622998599998, -9.486929976999932 ], [ -77.14502998599994, -9.48582997699998 ], [ -77.144499985999971, -9.485099976999948 ], [ -77.144129985999939, -9.484369976999972 ], [ -77.144040062999977, -9.484070226999961 ], [ -77.143889985999976, -9.483569976999945 ], [ -77.14326998599995, -9.482199976999937 ], [ -77.142609985999968, -9.481029976999935 ], [ -77.142089985999974, -9.479629976999945 ], [ -77.14177998599996, -9.477939976999949 ], [ -77.141119985999978, -9.475399976999938 ], [ -77.141059985999959, -9.473189976999947 ], [ -77.141129985999953, -9.472259976999965 ], [ -77.141199985999947, -9.471929976999945 ], [ -77.141549985999973, -9.471099976999938 ], [ -77.141624735999983, -9.470665101999941 ], [ -77.14177998599996, -9.469759976999967 ], [ -77.14192998599998, -9.469169976999979 ], [ -77.142249985999968, -9.468579976999933 ], [ -77.143069985999944, -9.46743997699997 ], [ -77.144799985999953, -9.465279976999966 ], [ -77.14526998599996, -9.464819976999934 ], [ -77.146359985999936, -9.464099976999933 ], [ -77.147399985999982, -9.46358997699997 ], [ -77.148179985999946, -9.463419976999944 ], [ -77.14878998599994, -9.46307997699995 ], [ -77.149099985999953, -9.462819976999981 ], [ -77.151049985999975, -9.460439976999965 ], [ -77.151269985999988, -9.460039976999951 ], [ -77.151419985999951, -9.459339976999956 ], [ -77.151709985999958, -9.458699976999981 ], [ -77.152109985999971, -9.458119976999967 ], [ -77.152375606999954, -9.457839320999938 ], [ -77.15263998599994, -9.45755997699996 ], [ -77.153119985999979, -9.456839976999959 ], [ -77.153339985999935, -9.456359976999977 ], [ -77.153439985999967, -9.455899976999945 ], [ -77.153479985999979, -9.454609976999961 ], [ -77.153779985999961, -9.453969976999929 ], [ -77.154189985999949, -9.453259976999959 ], [ -77.154529985999943, -9.451989976999926 ], [ -77.154649985999981, -9.451159976999975 ], [ -77.154609985999969, -9.449479976999953 ], [ -77.154879985999969, -9.447739976999969 ], [ -77.155159985999944, -9.447209976999943 ], [ -77.155669985999964, -9.446709976999955 ], [ -77.156009985999958, -9.446109976999935 ], [ -77.156429985999978, -9.445119976999933 ], [ -77.156569985999965, -9.444609976999971 ], [ -77.156569985999965, -9.444009976999951 ], [ -77.156159985999977, -9.442479976999948 ], [ -77.156279985999959, -9.442039976999979 ], [ -77.156529985999953, -9.44039997699997 ], [ -77.156689985999947, -9.440029976999938 ], [ -77.157139985999947, -9.439319976999968 ], [ -77.157519985999954, -9.438569976999929 ], [ -77.158249985999987, -9.43663997699997 ], [ -77.15893998599995, -9.435499976999949 ], [ -77.159229985999957, -9.434839976999967 ], [ -77.159369985999945, -9.434359976999929 ], [ -77.159439985999938, -9.433329976999971 ], [ -77.159365860999969, -9.432370101999936 ], [ -77.159309735999955, -9.431644476999963 ], [ -77.159279985999945, -9.431259976999968 ], [ -77.15884998599995, -9.429819976999966 ], [ -77.158431235999956, -9.429050851999932 ], [ -77.158359985999937, -9.428919976999964 ], [ -77.158235610999952, -9.42861985199994 ], [ -77.158189985999968, -9.428509976999976 ], [ -77.157826610999962, -9.429058476999955 ] ] ] ] } }
]
}
